{"type":"FeatureCollection", "features": [
{"type":"Feature","geometry":{"type":"Polygon","coordinates":[[[7.104,45.467],[7.101,45.454],[7.114,45.433],[7.152,45.423],[7.182,45.401],[7.163,45.382],[7.16,45.359],[7.138,45.351],[7.126,45.327],[7.109,45.328],[7.122,45.299],[7.135,45.282],[7.137,45.256],[7.124,45.244],[7.107,45.244],[7.067,45.21],[7.051,45.226],[7.03,45.216],[7.006,45.217],[6.961,45.203],[6.967,45.195],[6.951,45.18],[6.932,45.171],[6.907,45.166],[6.894,45.169],[6.884,45.158],[6.898,45.141],[6.85,45.127],[6.813,45.149],[6.769,45.16],[6.74,45.137],[6.712,45.145],[6.68,45.14],[6.673,45.125],[6.649,45.115],[6.633,45.115],[6.627,45.102],[6.662,45.072],[6.662,45.054],[6.67,45.044],[6.665,45.032],[6.675,45.019],[6.726,45.022],[6.743,45.016],[6.75,44.978],[6.764,44.971],[6.765,44.959],[6.746,44.939],[6.75,44.907],[6.771,44.903],[6.809,44.875],[6.863,44.851],[6.913,44.845],[6.932,44.863],[6.97,44.847],[7.007,44.84],[7.01,44.826],[7.024,44.823],[7,44.789],[7.019,44.776],[7.025,44.762],[7.024,44.74],[7.041,44.72],[7.065,44.714],[7.076,44.684],[7.062,44.68],[7.03,44.691],[7.003,44.687],[6.987,44.69],[6.948,44.653],[6.955,44.622],[6.933,44.593],[6.934,44.575],[6.912,44.569],[6.914,44.559],[6.877,44.553],[6.871,44.54],[6.853,44.528],[6.857,44.514],[6.876,44.482],[6.906,44.468],[6.912,44.452],[6.935,44.43],[6.925,44.423],[6.893,44.421],[6.898,44.405],[6.896,44.372],[6.889,44.361],[6.922,44.352],[6.927,44.333],[6.96,44.312],[6.956,44.298],[6.97,44.285],[6.995,44.281],[6.997,44.251],[7.005,44.237],[7.033,44.224],[7.069,44.234],[7.086,44.229],[7.142,44.201],[7.164,44.208],[7.189,44.199],[7.22,44.168],[7.236,44.175],[7.248,44.158],[7.279,44.141],[7.287,44.146],[7.343,44.145],[7.355,44.117],[7.393,44.126],[7.426,44.114],[7.428,44.13],[7.46,44.126],[7.497,44.142],[7.521,44.138],[7.535,44.147],[7.565,44.152],[7.617,44.15],[7.633,44.174],[7.645,44.178],[7.685,44.174],[7.672,44.16],[7.679,44.147],[7.667,44.134],[7.672,44.12],[7.713,44.088],[7.714,44.062],[7.728,44.06],[7.74,44.077],[7.719,44.104],[7.723,44.121],[7.746,44.135],[7.775,44.14],[7.815,44.123],[7.866,44.118],[7.884,44.105],[7.926,44.11],[7.937,44.1],[7.958,44.104],[7.972,44.113],[8.005,44.102],[8.016,44.111],[8.007,44.126],[7.979,44.134],[7.985,44.143],[8.009,44.156],[8.029,44.154],[8.043,44.143],[8.067,44.145],[8.074,44.159],[8.094,44.175],[8.088,44.203],[8.065,44.217],[8.081,44.242],[8.063,44.253],[8.081,44.262],[8.089,44.274],[8.06,44.301],[8.076,44.314],[8.102,44.301],[8.109,44.316],[8.107,44.333],[8.134,44.332],[8.149,44.355],[8.141,44.368],[8.15,44.385],[8.187,44.395],[8.203,44.405],[8.222,44.43],[8.196,44.464],[8.197,44.478],[8.218,44.482],[8.217,44.495],[8.224,44.514],[8.253,44.529],[8.271,44.507],[8.305,44.503],[8.321,44.488],[8.35,44.485],[8.358,44.465],[8.394,44.48],[8.404,44.509],[8.449,44.497],[8.453,44.51],[8.471,44.522],[8.478,44.511],[8.514,44.51],[8.535,44.513],[8.56,44.503],[8.576,44.509],[8.574,44.523],[8.59,44.528],[8.613,44.547],[8.598,44.557],[8.601,44.568],[8.62,44.577],[8.667,44.582],[8.681,44.575],[8.721,44.58],[8.733,44.57],[8.768,44.525],[8.773,44.505],[8.769,44.49],[8.782,44.488],[8.797,44.5],[8.795,44.522],[8.806,44.535],[8.824,44.539],[8.827,44.562],[8.863,44.561],[8.895,44.555],[8.918,44.561],[8.904,44.621],[8.883,44.639],[8.908,44.647],[8.928,44.674],[8.96,44.676],[8.973,44.663],[9.013,44.667],[9.033,44.647],[9.054,44.621],[9.076,44.624],[9.104,44.607],[9.102,44.594],[9.113,44.581],[9.153,44.574],[9.184,44.592],[9.199,44.593],[9.203,44.613],[9.199,44.649],[9.206,44.66],[9.2,44.686],[9.208,44.703],[9.203,44.722],[9.211,44.732],[9.214,44.752],[9.194,44.757],[9.172,44.772],[9.174,44.796],[9.155,44.809],[9.109,44.805],[9.095,44.819],[9.082,44.814],[9.051,44.846],[9.07,44.866],[9.056,44.889],[9.03,44.888],[9.008,44.903],[8.988,44.931],[8.97,44.944],[8.978,44.967],[8.962,44.984],[8.949,44.988],[8.925,44.983],[8.901,45.008],[8.905,45.026],[8.898,45.051],[8.881,45.054],[8.824,45.047],[8.802,45.026],[8.778,45.024],[8.775,45.008],[8.748,45.009],[8.751,45.02],[8.701,45.027],[8.671,45.027],[8.635,45.041],[8.647,45.056],[8.637,45.067],[8.635,45.089],[8.608,45.108],[8.611,45.124],[8.588,45.136],[8.58,45.153],[8.553,45.16],[8.544,45.181],[8.578,45.208],[8.557,45.205],[8.526,45.219],[8.546,45.242],[8.531,45.268],[8.513,45.275],[8.516,45.286],[8.498,45.292],[8.508,45.308],[8.538,45.319],[8.526,45.342],[8.55,45.355],[8.579,45.347],[8.612,45.354],[8.629,45.35],[8.632,45.338],[8.656,45.326],[8.667,45.292],[8.697,45.295],[8.716,45.303],[8.727,45.333],[8.763,45.35],[8.747,45.356],[8.719,45.378],[8.748,45.374],[8.764,45.378],[8.765,45.389],[8.793,45.379],[8.811,45.389],[8.843,45.394],[8.81,45.446],[8.789,45.462],[8.791,45.479],[8.76,45.497],[8.728,45.502],[8.713,45.52],[8.719,45.531],[8.709,45.544],[8.705,45.57],[8.694,45.576],[8.703,45.6],[8.686,45.618],[8.663,45.623],[8.665,45.632],[8.689,45.64],[8.664,45.675],[8.641,45.677],[8.654,45.708],[8.646,45.722],[8.594,45.73],[8.583,45.749],[8.556,45.775],[8.552,45.788],[8.564,45.807],[8.582,45.814],[8.595,45.834],[8.592,45.852],[8.569,45.894],[8.588,45.917],[8.682,45.987],[8.719,46.011],[8.729,46.029],[8.72,46.042],[8.706,46.081],[8.715,46.098],[8.691,46.102],[8.679,46.11],[8.658,46.113],[8.648,46.123],[8.612,46.122],[8.61,46.132],[8.595,46.142],[8.603,46.154],[8.573,46.165],[8.569,46.177],[8.541,46.198],[8.533,46.218],[8.469,46.233],[8.464,46.245],[8.442,46.254],[8.456,46.264],[8.428,46.298],[8.44,46.305],[8.444,46.32],[8.464,46.333],[8.462,46.353],[8.469,46.365],[8.461,46.387],[8.469,46.412],[8.458,46.422],[8.466,46.443],[8.445,46.464],[8.407,46.459],[8.394,46.452],[8.356,46.447],[8.339,46.433],[8.3,46.419],[8.29,46.409],[8.317,46.397],[8.312,46.377],[8.285,46.366],[8.263,46.364],[8.265,46.351],[8.248,46.34],[8.224,46.334],[8.212,46.309],[8.199,46.302],[8.161,46.296],[8.138,46.302],[8.081,46.258],[8.11,46.249],[8.125,46.23],[8.139,46.226],[8.153,46.192],[8.165,46.183],[8.15,46.159],[8.154,46.148],[8.143,46.137],[8.115,46.13],[8.108,46.112],[8.033,46.098],[8.023,46.068],[8.034,46.045],[8.013,46.032],[8.012,46.012],[8,46.011],[7.989,45.996],[7.909,45.997],[7.895,45.982],[7.878,45.972],[7.877,45.949],[7.868,45.938],[7.877,45.926],[7.864,45.916],[7.862,45.909],[7.869,45.868],[7.876,45.862],[7.864,45.84],[7.873,45.826],[7.862,45.82],[7.863,45.791],[7.883,45.771],[7.885,45.76],[7.9,45.749],[7.929,45.742],[7.937,45.724],[7.905,45.682],[7.924,45.657],[7.94,45.644],[7.916,45.633],[7.897,45.611],[7.896,45.6],[7.862,45.597],[7.849,45.602],[7.796,45.586],[7.785,45.575],[7.756,45.564],[7.733,45.55],[7.716,45.559],[7.688,45.557],[7.677,45.552],[7.646,45.569],[7.634,45.571],[7.609,45.563],[7.599,45.578],[7.565,45.592],[7.548,45.589],[7.533,45.577],[7.499,45.583],[7.471,45.578],[7.448,45.556],[7.422,45.546],[7.376,45.516],[7.364,45.525],[7.334,45.521],[7.323,45.514],[7.301,45.517],[7.269,45.515],[7.263,45.499],[7.248,45.494],[7.23,45.475],[7.214,45.471],[7.199,45.481],[7.157,45.487],[7.141,45.481],[7.141,45.511],[7.122,45.506],[7.113,45.473],[7.104,45.467]],[[8.048,45.108],[8.022,45.109],[8.011,45.102],[7.99,45.114],[7.992,45.128],[8.014,45.125],[8.024,45.133],[8.047,45.128],[8.048,45.108]]]},"properties":{"reg_name":"Piemonte"}},
{"type":"Feature","geometry":{"type":"Polygon","coordinates":[[[7.864,45.916],[7.82,45.927],[7.801,45.917],[7.769,45.937],[7.747,45.938],[7.735,45.924],[7.718,45.925],[7.708,45.934],[7.71,45.947],[7.68,45.958],[7.658,45.977],[7.639,45.97],[7.584,45.972],[7.578,45.986],[7.55,45.986],[7.542,45.978],[7.546,45.963],[7.538,45.955],[7.502,45.961],[7.478,45.953],[7.475,45.936],[7.444,45.931],[7.432,45.918],[7.382,45.897],[7.344,45.915],[7.33,45.911],[7.291,45.92],[7.277,45.901],[7.26,45.89],[7.248,45.893],[7.216,45.889],[7.19,45.859],[7.175,45.863],[7.154,45.879],[7.135,45.873],[7.118,45.86],[7.102,45.859],[7.095,45.876],[7.065,45.9],[7.064,45.91],[7.046,45.922],[7.018,45.915],[7.004,45.9],[6.999,45.874],[6.951,45.859],[6.94,45.847],[6.895,45.843],[6.874,45.846],[6.866,45.834],[6.843,45.842],[6.819,45.836],[6.809,45.821],[6.812,45.797],[6.801,45.781],[6.806,45.748],[6.817,45.74],[6.809,45.725],[6.828,45.704],[6.87,45.681],[6.894,45.676],[6.93,45.647],[6.961,45.655],[7,45.641],[6.985,45.626],[6.985,45.608],[6.978,45.589],[6.995,45.576],[6.99,45.563],[6.994,45.529],[7.004,45.521],[7,45.505],[7.021,45.497],[7.055,45.493],[7.048,45.472],[7.076,45.474],[7.104,45.467],[7.113,45.473],[7.122,45.506],[7.141,45.511],[7.141,45.481],[7.157,45.487],[7.199,45.481],[7.214,45.471],[7.23,45.475],[7.248,45.494],[7.263,45.499],[7.269,45.515],[7.301,45.517],[7.323,45.514],[7.334,45.521],[7.364,45.525],[7.376,45.516],[7.422,45.546],[7.448,45.556],[7.471,45.578],[7.499,45.583],[7.533,45.577],[7.548,45.589],[7.565,45.592],[7.599,45.578],[7.609,45.563],[7.634,45.571],[7.646,45.569],[7.677,45.552],[7.688,45.557],[7.716,45.559],[7.733,45.55],[7.756,45.564],[7.785,45.575],[7.796,45.586],[7.849,45.602],[7.862,45.597],[7.896,45.6],[7.897,45.611],[7.916,45.633],[7.94,45.644],[7.924,45.657],[7.905,45.682],[7.937,45.724],[7.929,45.742],[7.9,45.749],[7.885,45.76],[7.883,45.771],[7.863,45.791],[7.862,45.82],[7.873,45.826],[7.864,45.84],[7.876,45.862],[7.869,45.868],[7.862,45.909],[7.864,45.916]]]},"properties":{"reg_name":"Valle d'Aosta/Vallée d'Aoste"}},
{"type":"Feature","geometry":{"type":"MultiPolygon","coordinates":[[[[8.715,46.098],[8.706,46.081],[8.72,46.042],[8.729,46.029],[8.719,46.011],[8.682,45.987],[8.588,45.917],[8.569,45.894],[8.592,45.852],[8.595,45.834],[8.582,45.814],[8.564,45.807],[8.552,45.788],[8.556,45.775],[8.583,45.749],[8.594,45.73],[8.646,45.722],[8.654,45.708],[8.641,45.677],[8.664,45.675],[8.689,45.64],[8.665,45.632],[8.663,45.623],[8.686,45.618],[8.703,45.6],[8.694,45.576],[8.705,45.57],[8.709,45.544],[8.719,45.531],[8.713,45.52],[8.728,45.502],[8.76,45.497],[8.791,45.479],[8.789,45.462],[8.81,45.446],[8.843,45.394],[8.811,45.389],[8.793,45.379],[8.765,45.389],[8.764,45.378],[8.748,45.374],[8.719,45.378],[8.747,45.356],[8.763,45.35],[8.727,45.333],[8.716,45.303],[8.697,45.295],[8.667,45.292],[8.656,45.326],[8.632,45.338],[8.629,45.35],[8.612,45.354],[8.579,45.347],[8.55,45.355],[8.526,45.342],[8.538,45.319],[8.508,45.308],[8.498,45.292],[8.516,45.286],[8.513,45.275],[8.531,45.268],[8.546,45.242],[8.526,45.219],[8.557,45.205],[8.578,45.208],[8.544,45.181],[8.553,45.16],[8.58,45.153],[8.588,45.136],[8.611,45.124],[8.608,45.108],[8.635,45.089],[8.637,45.067],[8.647,45.056],[8.635,45.041],[8.671,45.027],[8.701,45.027],[8.751,45.02],[8.748,45.009],[8.775,45.008],[8.778,45.024],[8.802,45.026],[8.824,45.047],[8.881,45.054],[8.898,45.051],[8.905,45.026],[8.901,45.008],[8.925,44.983],[8.949,44.988],[8.962,44.984],[8.978,44.967],[8.97,44.944],[8.988,44.931],[9.008,44.903],[9.03,44.888],[9.056,44.889],[9.07,44.866],[9.051,44.846],[9.082,44.814],[9.095,44.819],[9.109,44.805],[9.155,44.809],[9.174,44.796],[9.172,44.772],[9.194,44.757],[9.214,44.752],[9.211,44.732],[9.203,44.722],[9.208,44.703],[9.2,44.686],[9.217,44.684],[9.24,44.688],[9.258,44.681],[9.283,44.686],[9.299,44.681],[9.325,44.69],[9.308,44.706],[9.333,44.735],[9.286,44.759],[9.287,44.772],[9.317,44.784],[9.33,44.8],[9.358,44.815],[9.342,44.87],[9.29,44.882],[9.286,44.903],[9.292,44.921],[9.288,44.934],[9.315,44.937],[9.347,44.997],[9.366,45.004],[9.376,45.042],[9.371,45.048],[9.406,45.073],[9.413,45.084],[9.435,45.082],[9.439,45.093],[9.466,45.095],[9.501,45.104],[9.532,45.078],[9.551,45.095],[9.537,45.115],[9.549,45.133],[9.569,45.107],[9.602,45.104],[9.613,45.114],[9.618,45.133],[9.638,45.124],[9.631,45.088],[9.66,45.082],[9.713,45.059],[9.73,45.064],[9.748,45.076],[9.753,45.087],[9.745,45.106],[9.767,45.107],[9.779,45.09],[9.81,45.08],[9.817,45.054],[9.827,45.054],[9.836,45.072],[9.831,45.082],[9.844,45.097],[9.863,45.092],[9.883,45.075],[9.897,45.081],[9.901,45.095],[9.879,45.112],[9.881,45.127],[9.916,45.139],[9.926,45.132],[9.915,45.1],[9.936,45.105],[9.978,45.134],[9.993,45.13],[10.029,45.095],[10.021,45.077],[10.044,45.063],[10.057,45.041],[10.082,45.047],[10.084,45.032],[10.106,45.022],[10.148,45.035],[10.158,45.044],[10.194,45.028],[10.211,45.034],[10.26,45.014],[10.274,44.998],[10.305,44.999],[10.309,44.987],[10.331,44.981],[10.347,44.97],[10.365,44.966],[10.383,44.979],[10.406,44.984],[10.417,44.978],[10.432,44.947],[10.504,44.922],[10.52,44.913],[10.566,44.908],[10.599,44.915],[10.631,44.929],[10.65,44.948],[10.664,44.969],[10.687,44.987],[10.703,44.965],[10.711,44.983],[10.725,44.991],[10.739,44.986],[10.748,44.963],[10.744,44.949],[10.82,44.937],[10.877,44.917],[10.914,44.923],[10.941,44.922],[10.951,44.933],[10.967,44.935],[10.994,44.954],[11.009,44.955],[11.06,44.949],[11.073,44.963],[11.104,44.958],[11.124,44.951],[11.149,44.934],[11.159,44.938],[11.202,44.939],[11.241,44.946],[11.267,44.944],[11.302,44.962],[11.329,44.961],[11.357,44.95],[11.378,44.958],[11.409,44.95],[11.427,44.95],[11.424,44.962],[11.338,44.989],[11.313,45.01],[11.275,45.017],[11.263,45.034],[11.27,45.044],[11.257,45.054],[11.239,45.043],[11.201,45.06],[11.174,45.062],[11.175,45.074],[11.187,45.083],[11.178,45.097],[11.189,45.11],[11.139,45.124],[11.127,45.103],[11.105,45.109],[11.094,45.096],[11.073,45.099],[11.043,45.112],[11.029,45.123],[11.044,45.134],[11.028,45.159],[11.01,45.149],[10.995,45.15],[10.998,45.185],[10.99,45.196],[10.964,45.205],[10.947,45.206],[10.931,45.218],[10.937,45.233],[10.903,45.237],[10.9,45.247],[10.847,45.257],[10.816,45.294],[10.783,45.315],[10.737,45.287],[10.728,45.291],[10.73,45.316],[10.712,45.322],[10.715,45.334],[10.687,45.342],[10.686,45.354],[10.714,45.367],[10.7,45.375],[10.717,45.396],[10.713,45.419],[10.665,45.428],[10.655,45.416],[10.643,45.457],[10.628,45.602],[10.631,45.61],[10.702,45.673],[10.772,45.751],[10.815,45.804],[10.835,45.818],[10.84,45.833],[10.825,45.838],[10.792,45.833],[10.777,45.843],[10.751,45.837],[10.736,45.843],[10.711,45.836],[10.702,45.841],[10.676,45.83],[10.655,45.833],[10.645,45.804],[10.6,45.803],[10.563,45.784],[10.538,45.786],[10.531,45.796],[10.543,45.818],[10.529,45.827],[10.508,45.824],[10.502,45.871],[10.491,45.882],[10.495,45.9],[10.508,45.905],[10.507,45.925],[10.491,45.933],[10.483,45.952],[10.487,45.971],[10.453,45.977],[10.457,46.008],[10.486,46.03],[10.481,46.05],[10.491,46.067],[10.517,46.08],[10.542,46.103],[10.551,46.125],[10.549,46.146],[10.565,46.167],[10.541,46.189],[10.551,46.207],[10.568,46.22],[10.568,46.232],[10.586,46.245],[10.576,46.276],[10.56,46.283],[10.58,46.299],[10.565,46.313],[10.566,46.326],[10.516,46.346],[10.538,46.354],[10.547,46.366],[10.567,46.378],[10.607,46.379],[10.63,46.403],[10.619,46.418],[10.622,46.448],[10.6,46.469],[10.577,46.473],[10.552,46.491],[10.5,46.497],[10.485,46.494],[10.458,46.511],[10.453,46.531],[10.419,46.551],[10.398,46.544],[10.363,46.556],[10.337,46.543],[10.326,46.552],[10.296,46.55],[10.284,46.571],[10.269,46.578],[10.244,46.578],[10.242,46.593],[10.258,46.611],[10.239,46.635],[10.212,46.618],[10.191,46.626],[10.13,46.606],[10.102,46.61],[10.101,46.583],[10.081,46.575],[10.085,46.567],[10.045,46.536],[10.053,46.531],[10.043,46.479],[10.053,46.461],[10.04,46.446],[10.057,46.441],[10.062,46.427],[10.08,46.421],[10.101,46.422],[10.129,46.432],[10.161,46.416],[10.164,46.391],[10.128,46.378],[10.129,46.361],[10.108,46.351],[10.104,46.334],[10.116,46.315],[10.139,46.305],[10.156,46.291],[10.175,46.255],[10.151,46.24],[10.146,46.23],[10.123,46.224],[10.095,46.229],[10.071,46.217],[10.048,46.232],[10.061,46.248],[10.055,46.263],[10.03,46.277],[9.998,46.283],[9.992,46.297],[9.995,46.314],[9.981,46.323],[9.996,46.351],[9.964,46.363],[9.953,46.379],[9.925,46.366],[9.906,46.381],[9.87,46.362],[9.85,46.365],[9.777,46.335],[9.744,46.352],[9.723,46.34],[9.726,46.314],[9.714,46.293],[9.688,46.294],[9.674,46.303],[9.635,46.286],[9.61,46.295],[9.583,46.294],[9.537,46.31],[9.514,46.333],[9.508,46.349],[9.494,46.365],[9.464,46.374],[9.469,46.389],[9.454,46.418],[9.459,46.442],[9.459,46.485],[9.449,46.5],[9.425,46.49],[9.413,46.467],[9.389,46.473],[9.368,46.494],[9.365,46.508],[9.31,46.504],[9.282,46.496],[9.274,46.484],[9.272,46.455],[9.247,46.446],[9.249,46.431],[9.281,46.412],[9.276,46.395],[9.284,46.386],[9.276,46.374],[9.281,46.359],[9.296,46.356],[9.292,46.338],[9.3,46.327],[9.281,46.309],[9.274,46.291],[9.252,46.265],[9.246,46.232],[9.221,46.23],[9.219,46.216],[9.2,46.207],[9.193,46.179],[9.183,46.171],[9.16,46.171],[9.136,46.154],[9.121,46.135],[9.072,46.12],[9.089,46.09],[9.073,46.063],[9.049,46.062],[9.016,46.049],[9.009,46.027],[9.022,46.016],[9.023,45.993],[8.988,45.973],[9.014,45.96],[9.013,45.942],[9.019,45.929],[9.042,45.927],[9.076,45.911],[9.078,45.886],[9.054,45.873],[9.049,45.852],[9.04,45.847],[9.031,45.821],[8.993,45.823],[8.987,45.838],[8.97,45.832],[8.95,45.843],[8.919,45.834],[8.915,45.844],[8.934,45.862],[8.932,45.885],[8.925,45.906],[8.894,45.93],[8.899,45.945],[8.894,45.958],[8.868,45.96],[8.831,45.988],[8.796,45.992],[8.792,46.005],[8.806,46.022],[8.828,46.033],[8.831,46.047],[8.844,46.049],[8.855,46.062],[8.852,46.076],[8.833,46.083],[8.815,46.097],[8.783,46.094],[8.757,46.104],[8.743,46.122],[8.715,46.098]],[[8.698,45.845],[8.706,45.831],[8.691,45.813],[8.672,45.814],[8.66,45.828],[8.698,45.845]]],[[[8.974,45.984],[8.958,45.965],[8.975,45.962],[8.974,45.984]]]]},"properties":{"reg_name":"Lombardia"}},
{"type":"Feature","geometry":{"type":"Polygon","coordinates":[[[10.84,45.833],[10.883,45.817],[10.873,45.789],[10.885,45.778],[10.865,45.761],[10.844,45.719],[10.89,45.715],[10.919,45.701],[10.912,45.688],[10.937,45.673],[10.951,45.684],[10.968,45.68],[10.998,45.697],[11.008,45.71],[11.041,45.706],[11.058,45.718],[11.074,45.703],[11.092,45.695],[11.139,45.697],[11.139,45.709],[11.175,45.733],[11.181,45.763],[11.174,45.787],[11.194,45.794],[11.188,45.812],[11.203,45.827],[11.219,45.833],[11.218,45.844],[11.239,45.856],[11.244,45.877],[11.255,45.891],[11.261,45.918],[11.324,45.917],[11.358,45.925],[11.358,45.944],[11.381,45.943],[11.372,45.973],[11.378,45.984],[11.4,45.98],[11.447,45.981],[11.468,45.998],[11.491,46.009],[11.539,46.013],[11.577,46.007],[11.588,45.969],[11.631,45.969],[11.628,45.961],[11.673,45.964],[11.69,45.989],[11.667,46.017],[11.682,46.027],[11.667,46.038],[11.706,46.046],[11.686,46.066],[11.682,46.09],[11.703,46.09],[11.717,46.103],[11.751,46.105],[11.814,46.102],[11.82,46.108],[11.893,46.121],[11.901,46.137],[11.922,46.149],[11.929,46.176],[11.962,46.188],[11.962,46.2],[11.94,46.199],[11.919,46.221],[11.91,46.224],[11.925,46.243],[11.913,46.252],[11.886,46.258],[11.885,46.279],[11.863,46.271],[11.838,46.271],[11.826,46.285],[11.837,46.303],[11.832,46.325],[11.803,46.333],[11.802,46.343],[11.774,46.358],[11.792,46.368],[11.804,46.365],[11.832,46.387],[11.844,46.41],[11.838,46.415],[11.851,46.434],[11.87,46.433],[11.889,46.442],[11.887,46.465],[11.874,46.473],[11.813,46.478],[11.815,46.5],[11.851,46.518],[11.885,46.523],[11.912,46.533],[11.934,46.528],[11.966,46.545],[11.988,46.545],[11.998,46.533],[12.05,46.594],[12.045,46.608],[12.065,46.623],[12.069,46.638],[12.068,46.675],[12.106,46.659],[12.145,46.634],[12.171,46.634],[12.194,46.605],[12.242,46.616],[12.261,46.629],[12.284,46.618],[12.306,46.619],[12.316,46.63],[12.34,46.631],[12.36,46.619],[12.385,46.623],[12.38,46.643],[12.406,46.643],[12.434,46.668],[12.478,46.68],[12.474,46.687],[12.443,46.688],[12.416,46.7],[12.378,46.722],[12.36,46.764],[12.351,46.777],[12.309,46.785],[12.284,46.783],[12.293,46.802],[12.282,46.815],[12.306,46.834],[12.266,46.887],[12.236,46.889],[12.215,46.874],[12.19,46.906],[12.159,46.909],[12.155,46.921],[12.168,46.938],[12.158,46.951],[12.132,46.964],[12.137,46.983],[12.121,47.007],[12.148,47.024],[12.17,47.022],[12.205,47.028],[12.216,47.045],[12.217,47.059],[12.24,47.068],[12.226,47.083],[12.187,47.092],[12.161,47.082],[12.122,47.075],[12.093,47.076],[12.07,47.06],[12.035,47.058],[12.02,47.047],[11.98,47.05],[11.968,47.041],[11.915,47.033],[11.894,47.019],[11.861,47.008],[11.836,46.993],[11.815,46.99],[11.782,46.992],[11.767,46.978],[11.747,46.969],[11.727,46.973],[11.711,46.993],[11.664,46.993],[11.636,47.003],[11.627,47.013],[11.581,47.001],[11.571,46.993],[11.538,46.984],[11.513,47.005],[11.48,47.011],[11.469,46.995],[11.453,46.992],[11.442,46.976],[11.401,46.965],[11.381,46.973],[11.358,46.99],[11.263,46.98],[11.241,46.97],[11.189,46.97],[11.163,46.95],[11.168,46.945],[11.14,46.928],[11.115,46.931],[11.109,46.916],[11.095,46.907],[11.102,46.89],[11.071,46.852],[11.084,46.823],[11.04,46.805],[11.022,46.766],[10.993,46.767],[10.944,46.775],[10.915,46.774],[10.882,46.763],[10.869,46.766],[10.837,46.782],[10.814,46.776],[10.789,46.795],[10.756,46.785],[10.73,46.788],[10.726,46.798],[10.746,46.804],[10.763,46.823],[10.756,46.832],[10.723,46.837],[10.694,46.852],[10.697,46.863],[10.671,46.871],[10.624,46.864],[10.596,46.857],[10.571,46.842],[10.551,46.85],[10.499,46.848],[10.48,46.859],[10.458,46.829],[10.448,46.801],[10.425,46.789],[10.441,46.774],[10.435,46.752],[10.401,46.732],[10.418,46.718],[10.387,46.687],[10.394,46.655],[10.411,46.635],[10.446,46.641],[10.489,46.615],[10.484,46.58],[10.475,46.567],[10.473,46.544],[10.453,46.531],[10.458,46.511],[10.485,46.494],[10.5,46.497],[10.552,46.491],[10.577,46.473],[10.6,46.469],[10.622,46.448],[10.619,46.418],[10.63,46.403],[10.607,46.379],[10.567,46.378],[10.547,46.366],[10.538,46.354],[10.516,46.346],[10.566,46.326],[10.565,46.313],[10.58,46.299],[10.56,46.283],[10.576,46.276],[10.586,46.245],[10.568,46.232],[10.568,46.22],[10.551,46.207],[10.541,46.189],[10.565,46.167],[10.549,46.146],[10.551,46.125],[10.542,46.103],[10.517,46.08],[10.491,46.067],[10.481,46.05],[10.486,46.03],[10.457,46.008],[10.453,45.977],[10.487,45.971],[10.483,45.952],[10.491,45.933],[10.507,45.925],[10.508,45.905],[10.495,45.9],[10.491,45.882],[10.502,45.871],[10.508,45.824],[10.529,45.827],[10.543,45.818],[10.531,45.796],[10.538,45.786],[10.563,45.784],[10.6,45.803],[10.645,45.804],[10.655,45.833],[10.676,45.83],[10.702,45.841],[10.711,45.836],[10.736,45.843],[10.751,45.837],[10.777,45.843],[10.792,45.833],[10.825,45.838],[10.84,45.833]]]},"properties":{"reg_name":"Trentino-Alto Adige/Südtirol"}},
{"type":"Feature","geometry":{"type":"Polygon","coordinates":[[[10.84,45.833],[10.835,45.818],[10.815,45.804],[10.772,45.751],[10.702,45.673],[10.631,45.61],[10.628,45.602],[10.643,45.457],[10.655,45.416],[10.665,45.428],[10.713,45.419],[10.717,45.396],[10.7,45.375],[10.714,45.367],[10.686,45.354],[10.687,45.342],[10.715,45.334],[10.712,45.322],[10.73,45.316],[10.728,45.291],[10.737,45.287],[10.783,45.315],[10.816,45.294],[10.847,45.257],[10.9,45.247],[10.903,45.237],[10.937,45.233],[10.931,45.218],[10.947,45.206],[10.964,45.205],[10.99,45.196],[10.998,45.185],[10.995,45.15],[11.01,45.149],[11.028,45.159],[11.044,45.134],[11.029,45.123],[11.043,45.112],[11.073,45.099],[11.094,45.096],[11.105,45.109],[11.127,45.103],[11.139,45.124],[11.189,45.11],[11.178,45.097],[11.187,45.083],[11.175,45.074],[11.174,45.062],[11.201,45.06],[11.239,45.043],[11.257,45.054],[11.27,45.044],[11.263,45.034],[11.275,45.017],[11.313,45.01],[11.338,44.989],[11.424,44.962],[11.427,44.95],[11.425,44.932],[11.434,44.929],[11.47,44.936],[11.534,44.936],[11.565,44.919],[11.586,44.911],[11.592,44.892],[11.625,44.889],[11.673,44.915],[11.716,44.926],[11.733,44.927],[11.745,44.937],[11.747,44.958],[11.784,44.964],[11.805,44.977],[11.838,44.973],[11.9,44.978],[11.926,44.975],[11.963,44.987],[12.015,44.977],[12.047,44.977],[12.057,44.971],[12.092,44.97],[12.116,44.958],[12.128,44.937],[12.142,44.928],[12.158,44.931],[12.169,44.942],[12.194,44.925],[12.225,44.923],[12.256,44.943],[12.281,44.942],[12.295,44.925],[12.282,44.912],[12.287,44.87],[12.304,44.855],[12.336,44.852],[12.343,44.846],[12.353,44.817],[12.397,44.791],[12.422,44.812],[12.415,44.82],[12.429,44.831],[12.465,44.844],[12.516,44.934],[12.554,44.966],[12.548,44.974],[12.511,44.991],[12.485,44.993],[12.444,45.013],[12.394,45.046],[12.346,45.085],[12.337,45.09],[12.327,45.123],[12.331,45.164],[12.306,45.194],[12.299,45.215],[12.302,45.229],[12.296,45.244],[12.306,45.288],[12.329,45.338],[12.331,45.354],[12.36,45.396],[12.381,45.417],[12.4,45.43],[12.427,45.418],[12.453,45.439],[12.48,45.449],[12.522,45.46],[12.584,45.48],[12.65,45.505],[12.715,45.524],[12.761,45.542],[12.799,45.562],[12.863,45.587],[12.892,45.601],[12.908,45.614],[12.918,45.613],[12.978,45.626],[13.063,45.631],[13.098,45.636],[13.101,45.644],[13.067,45.671],[13.044,45.684],[13.045,45.694],[13.03,45.725],[13.001,45.75],[13.008,45.766],[12.985,45.781],[12.974,45.808],[12.981,45.819],[12.961,45.847],[12.951,45.843],[12.952,45.822],[12.929,45.817],[12.915,45.825],[12.89,45.82],[12.87,45.834],[12.875,45.85],[12.837,45.847],[12.802,45.823],[12.804,45.845],[12.775,45.853],[12.743,45.827],[12.73,45.837],[12.679,45.795],[12.669,45.791],[12.65,45.804],[12.632,45.829],[12.597,45.822],[12.559,45.826],[12.552,45.836],[12.559,45.847],[12.537,45.869],[12.532,45.882],[12.516,45.89],[12.519,45.9],[12.501,45.925],[12.483,45.926],[12.463,45.935],[12.453,45.947],[12.426,45.947],[12.422,45.956],[12.428,45.996],[12.405,46.043],[12.428,46.076],[12.472,46.096],[12.484,46.104],[12.499,46.137],[12.492,46.157],[12.457,46.171],[12.447,46.18],[12.442,46.199],[12.431,46.209],[12.407,46.207],[12.402,46.229],[12.376,46.223],[12.338,46.239],[12.321,46.264],[12.329,46.282],[12.351,46.294],[12.355,46.32],[12.379,46.332],[12.411,46.331],[12.429,46.352],[12.463,46.369],[12.461,46.38],[12.495,46.412],[12.492,46.424],[12.506,46.441],[12.57,46.475],[12.606,46.464],[12.621,46.475],[12.662,46.469],[12.654,46.484],[12.63,46.501],[12.63,46.515],[12.619,46.54],[12.629,46.561],[12.644,46.576],[12.657,46.573],[12.69,46.601],[12.709,46.602],[12.705,46.618],[12.732,46.634],[12.715,46.648],[12.69,46.656],[12.658,46.656],[12.642,46.652],[12.621,46.661],[12.57,46.651],[12.546,46.659],[12.514,46.678],[12.478,46.68],[12.434,46.668],[12.406,46.643],[12.38,46.643],[12.385,46.623],[12.36,46.619],[12.34,46.631],[12.316,46.63],[12.306,46.619],[12.284,46.618],[12.261,46.629],[12.242,46.616],[12.194,46.605],[12.171,46.634],[12.145,46.634],[12.106,46.659],[12.068,46.675],[12.069,46.638],[12.065,46.623],[12.045,46.608],[12.05,46.594],[11.998,46.533],[11.988,46.545],[11.966,46.545],[11.934,46.528],[11.912,46.533],[11.885,46.523],[11.851,46.518],[11.815,46.5],[11.813,46.478],[11.874,46.473],[11.887,46.465],[11.889,46.442],[11.87,46.433],[11.851,46.434],[11.838,46.415],[11.844,46.41],[11.832,46.387],[11.804,46.365],[11.792,46.368],[11.774,46.358],[11.802,46.343],[11.803,46.333],[11.832,46.325],[11.837,46.303],[11.826,46.285],[11.838,46.271],[11.863,46.271],[11.885,46.279],[11.886,46.258],[11.913,46.252],[11.925,46.243],[11.91,46.224],[11.919,46.221],[11.94,46.199],[11.962,46.2],[11.962,46.188],[11.929,46.176],[11.922,46.149],[11.901,46.137],[11.893,46.121],[11.82,46.108],[11.814,46.102],[11.751,46.105],[11.717,46.103],[11.703,46.09],[11.682,46.09],[11.686,46.066],[11.706,46.046],[11.667,46.038],[11.682,46.027],[11.667,46.017],[11.69,45.989],[11.673,45.964],[11.628,45.961],[11.631,45.969],[11.588,45.969],[11.577,46.007],[11.539,46.013],[11.491,46.009],[11.468,45.998],[11.447,45.981],[11.4,45.98],[11.378,45.984],[11.372,45.973],[11.381,45.943],[11.358,45.944],[11.358,45.925],[11.324,45.917],[11.261,45.918],[11.255,45.891],[11.244,45.877],[11.239,45.856],[11.218,45.844],[11.219,45.833],[11.203,45.827],[11.188,45.812],[11.194,45.794],[11.174,45.787],[11.181,45.763],[11.175,45.733],[11.139,45.709],[11.139,45.697],[11.092,45.695],[11.074,45.703],[11.058,45.718],[11.041,45.706],[11.008,45.71],[10.998,45.697],[10.968,45.68],[10.951,45.684],[10.937,45.673],[10.912,45.688],[10.919,45.701],[10.89,45.715],[10.844,45.719],[10.865,45.761],[10.885,45.778],[10.873,45.789],[10.883,45.817],[10.84,45.833]]]},"properties":{"reg_name":"Veneto"}},
{"type":"Feature","geometry":{"type":"Polygon","coordinates":[[[13.78,45.612],[13.786,45.6],[13.748,45.609],[13.72,45.606],[13.723,45.595],[13.747,45.598],[13.787,45.583],[13.811,45.581],[13.851,45.585],[13.879,45.612],[13.918,45.631],[13.903,45.643],[13.879,45.652],[13.858,45.666],[13.831,45.693],[13.827,45.714],[13.811,45.723],[13.8,45.74],[13.784,45.748],[13.746,45.755],[13.705,45.777],[13.669,45.8],[13.627,45.797],[13.596,45.808],[13.588,45.834],[13.574,45.843],[13.577,45.858],[13.593,45.875],[13.59,45.888],[13.609,45.899],[13.618,45.915],[13.638,45.935],[13.633,45.95],[13.639,45.98],[13.633,45.989],[13.608,45.984],[13.591,45.99],[13.568,45.968],[13.526,45.973],[13.502,45.98],[13.476,46.006],[13.494,46.015],[13.51,46.046],[13.496,46.059],[13.53,46.068],[13.544,46.083],[13.574,46.091],[13.584,46.101],[13.647,46.14],[13.663,46.18],[13.633,46.191],[13.615,46.184],[13.586,46.19],[13.565,46.188],[13.562,46.204],[13.546,46.212],[13.503,46.216],[13.496,46.222],[13.457,46.226],[13.446,46.213],[13.423,46.206],[13.415,46.219],[13.422,46.234],[13.399,46.253],[13.392,46.279],[13.376,46.298],[13.403,46.3],[13.426,46.323],[13.439,46.322],[13.447,46.336],[13.437,46.354],[13.448,46.363],[13.468,46.361],[13.482,46.369],[13.516,46.377],[13.539,46.386],[13.575,46.409],[13.579,46.426],[13.592,46.436],[13.647,46.446],[13.684,46.437],[13.699,46.456],[13.695,46.469],[13.706,46.484],[13.703,46.501],[13.717,46.507],[13.706,46.521],[13.677,46.523],[13.627,46.542],[13.592,46.546],[13.57,46.539],[13.563,46.551],[13.544,46.554],[13.52,46.547],[13.504,46.566],[13.473,46.557],[13.427,46.558],[13.408,46.562],[13.409,46.571],[13.373,46.579],[13.364,46.57],[13.344,46.57],[13.32,46.553],[13.301,46.558],[13.253,46.561],[13.237,46.553],[13.218,46.57],[13.179,46.578],[13.168,46.589],[13.125,46.591],[13.084,46.602],[13.046,46.595],[13.021,46.602],[12.988,46.599],[12.929,46.61],[12.852,46.605],[12.834,46.611],[12.837,46.627],[12.803,46.634],[12.795,46.643],[12.756,46.647],[12.732,46.634],[12.705,46.618],[12.709,46.602],[12.69,46.601],[12.657,46.573],[12.644,46.576],[12.629,46.561],[12.619,46.54],[12.63,46.515],[12.63,46.501],[12.654,46.484],[12.662,46.469],[12.621,46.475],[12.606,46.464],[12.57,46.475],[12.506,46.441],[12.492,46.424],[12.495,46.412],[12.461,46.38],[12.463,46.369],[12.429,46.352],[12.411,46.331],[12.379,46.332],[12.355,46.32],[12.351,46.294],[12.329,46.282],[12.321,46.264],[12.338,46.239],[12.376,46.223],[12.402,46.229],[12.407,46.207],[12.431,46.209],[12.442,46.199],[12.447,46.18],[12.457,46.171],[12.492,46.157],[12.499,46.137],[12.484,46.104],[12.472,46.096],[12.428,46.076],[12.405,46.043],[12.428,45.996],[12.422,45.956],[12.426,45.947],[12.453,45.947],[12.463,45.935],[12.483,45.926],[12.501,45.925],[12.519,45.9],[12.516,45.89],[12.532,45.882],[12.537,45.869],[12.559,45.847],[12.552,45.836],[12.559,45.826],[12.597,45.822],[12.632,45.829],[12.65,45.804],[12.669,45.791],[12.679,45.795],[12.73,45.837],[12.743,45.827],[12.775,45.853],[12.804,45.845],[12.802,45.823],[12.837,45.847],[12.875,45.85],[12.87,45.834],[12.89,45.82],[12.915,45.825],[12.929,45.817],[12.952,45.822],[12.951,45.843],[12.961,45.847],[12.981,45.819],[12.974,45.808],[12.985,45.781],[13.008,45.766],[13.001,45.75],[13.03,45.725],[13.045,45.694],[13.044,45.684],[13.067,45.671],[13.101,45.644],[13.109,45.663],[13.143,45.686],[13.157,45.703],[13.186,45.711],[13.233,45.715],[13.246,45.72],[13.262,45.708],[13.292,45.704],[13.323,45.688],[13.351,45.679],[13.368,45.683],[13.389,45.675],[13.424,45.677],[13.454,45.69],[13.468,45.704],[13.487,45.705],[13.532,45.724],[13.521,45.757],[13.536,45.784],[13.548,45.793],[13.562,45.778],[13.581,45.781],[13.603,45.772],[13.632,45.768],[13.639,45.76],[13.677,45.737],[13.696,45.721],[13.711,45.711],[13.72,45.701],[13.753,45.68],[13.769,45.653],[13.749,45.644],[13.766,45.63],[13.777,45.614],[13.774,45.613],[13.777,45.614],[13.78,45.613],[13.78,45.612]]]},"properties":{"reg_name":"Friuli-Venezia Giulia"}},
{"type":"Feature","geometry":{"type":"MultiPolygon","coordinates":[[[[7.714,44.062],[7.703,44.046],[7.662,44.027],[7.67,43.998],[7.655,43.985],[7.652,43.974],[7.609,43.956],[7.588,43.955],[7.566,43.944],[7.572,43.935],[7.56,43.917],[7.563,43.901],[7.515,43.884],[7.503,43.875],[7.495,43.856],[7.507,43.838],[7.53,43.784],[7.556,43.78],[7.569,43.792],[7.588,43.792],[7.673,43.776],[7.712,43.801],[7.736,43.795],[7.753,43.807],[7.806,43.823],[7.83,43.816],[7.847,43.829],[7.872,43.836],[7.908,43.837],[7.921,43.844],[7.966,43.852],[7.969,43.86],[8.015,43.872],[8.041,43.887],[8.066,43.889],[8.094,43.917],[8.128,43.927],[8.142,43.948],[8.174,43.958],[8.161,43.97],[8.16,43.985],[8.169,44.001],[8.208,44.035],[8.226,44.044],[8.227,44.08],[8.237,44.102],[8.269,44.139],[8.292,44.152],[8.329,44.161],[8.383,44.181],[8.399,44.181],[8.422,44.193],[8.416,44.221],[8.445,44.244],[8.456,44.258],[8.442,44.265],[8.448,44.285],[8.486,44.308],[8.509,44.328],[8.526,44.331],[8.569,44.349],[8.575,44.358],[8.593,44.361],[8.624,44.372],[8.64,44.387],[8.678,44.393],[8.693,44.408],[8.741,44.427],[8.776,44.42],[8.831,44.421],[8.822,44.415],[8.871,44.405],[8.887,44.407],[8.952,44.391],[8.983,44.392],[9.009,44.385],[9.07,44.378],[9.14,44.361],[9.155,44.348],[9.149,44.325],[9.156,44.316],[9.188,44.309],[9.212,44.311],[9.214,44.335],[9.234,44.348],[9.303,44.323],[9.365,44.297],[9.39,44.281],[9.403,44.255],[9.417,44.26],[9.439,44.243],[9.469,44.234],[9.48,44.241],[9.496,44.235],[9.501,44.223],[9.529,44.207],[9.553,44.203],[9.57,44.191],[9.569,44.182],[9.61,44.167],[9.609,44.157],[9.635,44.134],[9.657,44.145],[9.726,44.112],[9.738,44.093],[9.756,44.091],[9.782,44.073],[9.821,44.059],[9.833,44.05],[9.847,44.061],[9.824,44.083],[9.821,44.096],[9.831,44.106],[9.849,44.11],[9.854,44.106],[9.881,44.081],[9.901,44.083],[9.909,44.07],[9.964,44.037],[9.978,44.035],[10.001,44.051],[10.019,44.044],[10.029,44.059],[10.066,44.086],[10.069,44.098],[10.046,44.115],[10.018,44.119],[10.002,44.108],[9.984,44.125],[9.976,44.14],[9.979,44.161],[9.966,44.169],[9.928,44.166],[9.892,44.168],[9.928,44.196],[9.897,44.21],[9.874,44.195],[9.858,44.194],[9.875,44.224],[9.857,44.234],[9.861,44.251],[9.852,44.271],[9.815,44.286],[9.806,44.283],[9.764,44.306],[9.758,44.318],[9.729,44.328],[9.717,44.355],[9.706,44.366],[9.687,44.366],[9.675,44.365],[9.663,44.401],[9.655,44.412],[9.636,44.414],[9.598,44.437],[9.578,44.434],[9.559,44.438],[9.551,44.428],[9.534,44.429],[9.494,44.424],[9.479,44.409],[9.466,44.424],[9.443,44.417],[9.439,44.428],[9.458,44.442],[9.47,44.473],[9.497,44.483],[9.496,44.503],[9.505,44.53],[9.488,44.546],[9.491,44.559],[9.477,44.565],[9.441,44.567],[9.423,44.575],[9.421,44.593],[9.406,44.598],[9.389,44.59],[9.381,44.577],[9.366,44.585],[9.34,44.579],[9.3,44.608],[9.272,44.596],[9.245,44.601],[9.256,44.61],[9.246,44.62],[9.203,44.613],[9.199,44.593],[9.184,44.592],[9.153,44.574],[9.113,44.581],[9.102,44.594],[9.104,44.607],[9.076,44.624],[9.054,44.621],[9.033,44.647],[9.013,44.667],[8.973,44.663],[8.96,44.676],[8.928,44.674],[8.908,44.647],[8.883,44.639],[8.904,44.621],[8.918,44.561],[8.895,44.555],[8.863,44.561],[8.827,44.562],[8.824,44.539],[8.806,44.535],[8.795,44.522],[8.797,44.5],[8.782,44.488],[8.769,44.49],[8.773,44.505],[8.768,44.525],[8.733,44.57],[8.721,44.58],[8.681,44.575],[8.667,44.582],[8.62,44.577],[8.601,44.568],[8.598,44.557],[8.613,44.547],[8.59,44.528],[8.574,44.523],[8.576,44.509],[8.56,44.503],[8.535,44.513],[8.514,44.51],[8.478,44.511],[8.471,44.522],[8.453,44.51],[8.449,44.497],[8.404,44.509],[8.394,44.48],[8.358,44.465],[8.35,44.485],[8.321,44.488],[8.305,44.503],[8.271,44.507],[8.253,44.529],[8.224,44.514],[8.217,44.495],[8.218,44.482],[8.197,44.478],[8.196,44.464],[8.222,44.43],[8.203,44.405],[8.187,44.395],[8.15,44.385],[8.141,44.368],[8.149,44.355],[8.134,44.332],[8.107,44.333],[8.109,44.316],[8.102,44.301],[8.076,44.314],[8.06,44.301],[8.089,44.274],[8.081,44.262],[8.063,44.253],[8.081,44.242],[8.065,44.217],[8.088,44.203],[8.094,44.175],[8.074,44.159],[8.067,44.145],[8.043,44.143],[8.029,44.154],[8.009,44.156],[7.985,44.143],[7.979,44.134],[8.007,44.126],[8.016,44.111],[8.005,44.102],[7.972,44.113],[7.958,44.104],[7.937,44.1],[7.926,44.11],[7.884,44.105],[7.866,44.118],[7.815,44.123],[7.775,44.14],[7.746,44.135],[7.723,44.121],[7.719,44.104],[7.74,44.077],[7.728,44.06],[7.714,44.062]]],[[[9.847,44.033],[9.852,44.051],[9.833,44.047],[9.847,44.033]]]]},"properties":{"reg_name":"Liguria"}},
{"type":"Feature","geometry":{"type":"Polygon","coordinates":[[[11.427,44.95],[11.409,44.95],[11.378,44.958],[11.357,44.95],[11.329,44.961],[11.302,44.962],[11.267,44.944],[11.241,44.946],[11.202,44.939],[11.159,44.938],[11.149,44.934],[11.124,44.951],[11.104,44.958],[11.073,44.963],[11.06,44.949],[11.009,44.955],[10.994,44.954],[10.967,44.935],[10.951,44.933],[10.941,44.922],[10.914,44.923],[10.877,44.917],[10.82,44.937],[10.744,44.949],[10.748,44.963],[10.739,44.986],[10.725,44.991],[10.711,44.983],[10.703,44.965],[10.687,44.987],[10.664,44.969],[10.65,44.948],[10.631,44.929],[10.599,44.915],[10.566,44.908],[10.52,44.913],[10.504,44.922],[10.432,44.947],[10.417,44.978],[10.406,44.984],[10.383,44.979],[10.365,44.966],[10.347,44.97],[10.331,44.981],[10.309,44.987],[10.305,44.999],[10.274,44.998],[10.26,45.014],[10.211,45.034],[10.194,45.028],[10.158,45.044],[10.148,45.035],[10.106,45.022],[10.084,45.032],[10.082,45.047],[10.057,45.041],[10.044,45.063],[10.021,45.077],[10.029,45.095],[9.993,45.13],[9.978,45.134],[9.936,45.105],[9.915,45.1],[9.926,45.132],[9.916,45.139],[9.881,45.127],[9.879,45.112],[9.901,45.095],[9.897,45.081],[9.883,45.075],[9.863,45.092],[9.844,45.097],[9.831,45.082],[9.836,45.072],[9.827,45.054],[9.817,45.054],[9.81,45.08],[9.779,45.09],[9.767,45.107],[9.745,45.106],[9.753,45.087],[9.748,45.076],[9.73,45.064],[9.713,45.059],[9.66,45.082],[9.631,45.088],[9.638,45.124],[9.618,45.133],[9.613,45.114],[9.602,45.104],[9.569,45.107],[9.549,45.133],[9.537,45.115],[9.551,45.095],[9.532,45.078],[9.501,45.104],[9.466,45.095],[9.439,45.093],[9.435,45.082],[9.413,45.084],[9.406,45.073],[9.371,45.048],[9.376,45.042],[9.366,45.004],[9.347,44.997],[9.315,44.937],[9.288,44.934],[9.292,44.921],[9.286,44.903],[9.29,44.882],[9.342,44.87],[9.358,44.815],[9.33,44.8],[9.317,44.784],[9.287,44.772],[9.286,44.759],[9.333,44.735],[9.308,44.706],[9.325,44.69],[9.299,44.681],[9.283,44.686],[9.258,44.681],[9.24,44.688],[9.217,44.684],[9.2,44.686],[9.206,44.66],[9.199,44.649],[9.203,44.613],[9.246,44.62],[9.256,44.61],[9.245,44.601],[9.272,44.596],[9.3,44.608],[9.34,44.579],[9.366,44.585],[9.381,44.577],[9.389,44.59],[9.406,44.598],[9.421,44.593],[9.423,44.575],[9.441,44.567],[9.477,44.565],[9.491,44.559],[9.488,44.546],[9.505,44.53],[9.496,44.503],[9.497,44.483],[9.47,44.473],[9.458,44.442],[9.439,44.428],[9.443,44.417],[9.466,44.424],[9.479,44.409],[9.494,44.424],[9.534,44.429],[9.551,44.428],[9.559,44.438],[9.578,44.434],[9.598,44.437],[9.636,44.414],[9.655,44.412],[9.663,44.401],[9.675,44.365],[9.687,44.366],[9.717,44.383],[9.732,44.379],[9.781,44.425],[9.79,44.437],[9.828,44.468],[9.862,44.471],[9.922,44.472],[9.971,44.464],[9.981,44.445],[10.001,44.443],[10.007,44.432],[9.989,44.404],[10.022,44.383],[10.053,44.373],[10.099,44.346],[10.12,44.353],[10.142,44.354],[10.161,44.344],[10.168,44.33],[10.229,44.297],[10.236,44.283],[10.254,44.269],[10.297,44.285],[10.343,44.27],[10.372,44.269],[10.407,44.249],[10.414,44.236],[10.43,44.227],[10.465,44.231],[10.493,44.217],[10.485,44.204],[10.523,44.175],[10.532,44.155],[10.578,44.132],[10.593,44.115],[10.624,44.12],[10.624,44.141],[10.641,44.16],[10.662,44.154],[10.744,44.156],[10.766,44.141],[10.819,44.112],[10.843,44.11],[10.849,44.098],[10.879,44.099],[10.903,44.086],[10.899,44.066],[10.918,44.063],[10.927,44.075],[10.943,44.081],[10.967,44.103],[10.968,44.114],[10.995,44.131],[11.015,44.125],[11.002,44.111],[11.029,44.096],[11.054,44.091],[11.093,44.094],[11.128,44.11],[11.159,44.112],[11.215,44.099],[11.228,44.102],[11.248,44.098],[11.264,44.104],[11.26,44.116],[11.218,44.129],[11.196,44.144],[11.235,44.158],[11.271,44.159],[11.281,44.155],[11.323,44.182],[11.325,44.195],[11.343,44.206],[11.381,44.2],[11.398,44.223],[11.426,44.235],[11.451,44.221],[11.448,44.199],[11.468,44.186],[11.48,44.184],[11.506,44.163],[11.545,44.153],[11.552,44.165],[11.615,44.158],[11.618,44.146],[11.597,44.125],[11.638,44.111],[11.654,44.103],[11.674,44.113],[11.678,44.122],[11.72,44.121],[11.744,44.126],[11.753,44.121],[11.749,44.104],[11.735,44.085],[11.709,44.067],[11.697,44.05],[11.695,44.035],[11.682,44.021],[11.656,44.017],[11.664,44.005],[11.646,43.989],[11.655,43.975],[11.689,43.959],[11.682,43.938],[11.717,43.922],[11.71,43.877],[11.732,43.863],[11.784,43.848],[11.825,43.815],[11.842,43.808],[11.856,43.816],[11.896,43.808],[11.91,43.813],[11.919,43.794],[11.947,43.791],[11.953,43.776],[11.987,43.762],[12.006,43.767],[12.02,43.761],[12.053,43.757],[12.065,43.743],[12.077,43.741],[12.109,43.753],[12.124,43.749],[12.164,43.762],[12.195,43.732],[12.209,43.757],[12.228,43.76],[12.244,43.751],[12.257,43.761],[12.284,43.765],[12.289,43.786],[12.285,43.795],[12.316,43.806],[12.35,43.8],[12.366,43.813],[12.388,43.817],[12.399,43.826],[12.391,43.845],[12.401,43.873],[12.446,43.871],[12.462,43.894],[12.444,43.905],[12.418,43.899],[12.408,43.921],[12.415,43.929],[12.404,43.951],[12.437,43.957],[12.453,43.969],[12.509,43.991],[12.507,43.971],[12.516,43.942],[12.494,43.921],[12.487,43.896],[12.487,43.886],[12.499,43.874],[12.522,43.874],[12.542,43.864],[12.562,43.87],[12.565,43.881],[12.584,43.884],[12.603,43.863],[12.601,43.851],[12.611,43.831],[12.623,43.821],[12.644,43.827],[12.668,43.824],[12.681,43.828],[12.682,43.853],[12.724,43.861],[12.734,43.87],[12.723,43.881],[12.735,43.896],[12.728,43.924],[12.756,43.962],[12.751,43.969],[12.714,43.974],[12.688,43.987],[12.656,44.008],[12.621,44.035],[12.575,44.079],[12.561,44.076],[12.515,44.106],[12.479,44.139],[12.43,44.179],[12.384,44.224],[12.368,44.249],[12.351,44.286],[12.341,44.322],[12.33,44.346],[12.317,44.403],[12.292,44.454],[12.28,44.522],[12.282,44.594],[12.275,44.62],[12.251,44.661],[12.251,44.676],[12.241,44.687],[12.242,44.727],[12.248,44.763],[12.272,44.8],[12.259,44.816],[12.285,44.841],[12.309,44.842],[12.333,44.829],[12.34,44.817],[12.373,44.796],[12.38,44.785],[12.397,44.791],[12.353,44.817],[12.343,44.846],[12.336,44.852],[12.304,44.855],[12.287,44.87],[12.282,44.912],[12.295,44.925],[12.281,44.942],[12.256,44.943],[12.225,44.923],[12.194,44.925],[12.169,44.942],[12.158,44.931],[12.142,44.928],[12.128,44.937],[12.116,44.958],[12.092,44.97],[12.057,44.971],[12.047,44.977],[12.015,44.977],[11.963,44.987],[11.926,44.975],[11.9,44.978],[11.838,44.973],[11.805,44.977],[11.784,44.964],[11.747,44.958],[11.745,44.937],[11.733,44.927],[11.716,44.926],[11.673,44.915],[11.625,44.889],[11.592,44.892],[11.586,44.911],[11.565,44.919],[11.534,44.936],[11.47,44.936],[11.434,44.929],[11.425,44.932],[11.427,44.95]],[[12.177,43.811],[12.185,43.806],[12.238,43.8],[12.237,43.787],[12.186,43.774],[12.17,43.805],[12.177,43.811]]]},"properties":{"reg_name":"Emilia-Romagna"}},
{"type":"Feature","geometry":{"type":"MultiPolygon","coordinates":[[[[9.687,44.366],[9.706,44.366],[9.717,44.355],[9.729,44.328],[9.758,44.318],[9.764,44.306],[9.806,44.283],[9.815,44.286],[9.852,44.271],[9.861,44.251],[9.857,44.234],[9.875,44.224],[9.858,44.194],[9.874,44.195],[9.897,44.21],[9.928,44.196],[9.892,44.168],[9.928,44.166],[9.966,44.169],[9.979,44.161],[9.976,44.14],[9.984,44.125],[10.002,44.108],[10.018,44.119],[10.046,44.115],[10.069,44.098],[10.066,44.086],[10.029,44.059],[10.019,44.044],[10.067,44.027],[10.113,43.998],[10.137,43.98],[10.181,43.943],[10.2,43.922],[10.231,43.883],[10.242,43.864],[10.242,43.849],[10.261,43.808],[10.278,43.738],[10.277,43.719],[10.283,43.686],[10.273,43.672],[10.286,43.642],[10.292,43.594],[10.301,43.573],[10.296,43.569],[10.296,43.541],[10.319,43.51],[10.332,43.484],[10.33,43.474],[10.355,43.464],[10.382,43.446],[10.407,43.409],[10.425,43.398],[10.446,43.355],[10.455,43.345],[10.455,43.329],[10.465,43.317],[10.502,43.291],[10.526,43.24],[10.535,43.2],[10.54,43.134],[10.538,43.099],[10.532,43.053],[10.516,43.003],[10.506,42.99],[10.483,42.988],[10.484,42.967],[10.499,42.936],[10.521,42.923],[10.542,42.932],[10.563,42.951],[10.594,42.954],[10.645,42.953],[10.68,42.949],[10.712,42.94],[10.756,42.921],[10.775,42.907],[10.787,42.888],[10.769,42.869],[10.776,42.844],[10.763,42.813],[10.733,42.803],[10.785,42.776],[10.795,42.777],[10.846,42.769],[10.912,42.753],[10.952,42.737],[10.983,42.713],[11.015,42.655],[11.063,42.639],[11.086,42.626],[11.082,42.616],[11.105,42.597],[11.117,42.566],[11.139,42.561],[11.158,42.562],[11.176,42.542],[11.19,42.517],[11.19,42.481],[11.182,42.46],[11.166,42.438],[11.138,42.435],[11.122,42.435],[11.112,42.447],[11.098,42.44],[11.09,42.426],[11.09,42.408],[11.098,42.393],[11.117,42.39],[11.142,42.377],[11.153,42.361],[11.188,42.372],[11.213,42.387],[11.206,42.405],[11.214,42.411],[11.244,42.418],[11.279,42.416],[11.29,42.405],[11.304,42.407],[11.383,42.395],[11.45,42.378],[11.452,42.382],[11.45,42.394],[11.482,42.42],[11.489,42.439],[11.517,42.434],[11.544,42.442],[11.557,42.439],[11.618,42.436],[11.62,42.476],[11.616,42.489],[11.595,42.496],[11.586,42.505],[11.561,42.517],[11.569,42.533],[11.584,42.543],[11.579,42.566],[11.601,42.57],[11.616,42.56],[11.636,42.565],[11.657,42.577],[11.686,42.585],[11.68,42.595],[11.7,42.601],[11.712,42.611],[11.733,42.606],[11.752,42.626],[11.75,42.638],[11.781,42.635],[11.805,42.644],[11.808,42.66],[11.785,42.671],[11.786,42.69],[11.781,42.705],[11.797,42.707],[11.819,42.746],[11.807,42.754],[11.779,42.758],[11.759,42.782],[11.746,42.786],[11.753,42.802],[11.776,42.821],[11.803,42.801],[11.815,42.824],[11.832,42.827],[11.851,42.839],[11.895,42.835],[11.892,42.843],[11.912,42.85],[11.929,42.869],[11.959,42.871],[11.959,42.892],[11.952,42.901],[11.933,42.908],[11.943,42.938],[11.951,42.948],[11.949,42.962],[11.972,43.022],[11.981,43.056],[11.957,43.069],[11.948,43.056],[11.936,43.056],[11.924,43.075],[11.93,43.094],[11.921,43.118],[11.924,43.148],[11.946,43.162],[11.97,43.169],[11.987,43.181],[12.006,43.181],[12.027,43.192],[12.027,43.202],[12.04,43.229],[12.034,43.247],[12.049,43.253],[12.086,43.236],[12.101,43.241],[12.122,43.255],[12.149,43.255],[12.166,43.269],[12.21,43.283],[12.224,43.296],[12.194,43.313],[12.183,43.301],[12.178,43.283],[12.165,43.282],[12.133,43.293],[12.126,43.305],[12.134,43.316],[12.135,43.342],[12.119,43.364],[12.073,43.37],[12.078,43.399],[12.033,43.4],[12.025,43.416],[12.057,43.438],[12.08,43.434],[12.1,43.448],[12.104,43.46],[12.141,43.469],[12.131,43.483],[12.095,43.499],[12.091,43.511],[12.103,43.53],[12.142,43.536],[12.153,43.529],[12.163,43.561],[12.193,43.588],[12.196,43.599],[12.214,43.611],[12.21,43.621],[12.187,43.636],[12.204,43.652],[12.233,43.656],[12.251,43.673],[12.273,43.676],[12.297,43.686],[12.306,43.698],[12.321,43.695],[12.33,43.707],[12.345,43.71],[12.357,43.702],[12.368,43.715],[12.335,43.74],[12.327,43.751],[12.284,43.765],[12.257,43.761],[12.244,43.751],[12.228,43.76],[12.209,43.757],[12.195,43.732],[12.164,43.762],[12.124,43.749],[12.109,43.753],[12.077,43.741],[12.065,43.743],[12.053,43.757],[12.02,43.761],[12.006,43.767],[11.987,43.762],[11.953,43.776],[11.947,43.791],[11.919,43.794],[11.91,43.813],[11.896,43.808],[11.856,43.816],[11.842,43.808],[11.825,43.815],[11.784,43.848],[11.732,43.863],[11.71,43.877],[11.717,43.922],[11.682,43.938],[11.689,43.959],[11.655,43.975],[11.646,43.989],[11.664,44.005],[11.656,44.017],[11.682,44.021],[11.695,44.035],[11.697,44.05],[11.709,44.067],[11.735,44.085],[11.749,44.104],[11.753,44.121],[11.744,44.126],[11.72,44.121],[11.678,44.122],[11.674,44.113],[11.654,44.103],[11.638,44.111],[11.597,44.125],[11.618,44.146],[11.615,44.158],[11.552,44.165],[11.545,44.153],[11.506,44.163],[11.48,44.184],[11.468,44.186],[11.448,44.199],[11.451,44.221],[11.426,44.235],[11.398,44.223],[11.381,44.2],[11.343,44.206],[11.325,44.195],[11.323,44.182],[11.281,44.155],[11.271,44.159],[11.235,44.158],[11.196,44.144],[11.218,44.129],[11.26,44.116],[11.264,44.104],[11.248,44.098],[11.228,44.102],[11.215,44.099],[11.159,44.112],[11.128,44.11],[11.093,44.094],[11.054,44.091],[11.029,44.096],[11.002,44.111],[11.015,44.125],[10.995,44.131],[10.968,44.114],[10.967,44.103],[10.943,44.081],[10.927,44.075],[10.918,44.063],[10.899,44.066],[10.903,44.086],[10.879,44.099],[10.849,44.098],[10.843,44.11],[10.819,44.112],[10.766,44.141],[10.744,44.156],[10.662,44.154],[10.641,44.16],[10.624,44.141],[10.624,44.12],[10.593,44.115],[10.578,44.132],[10.532,44.155],[10.523,44.175],[10.485,44.204],[10.493,44.217],[10.465,44.231],[10.43,44.227],[10.414,44.236],[10.407,44.249],[10.372,44.269],[10.343,44.27],[10.297,44.285],[10.254,44.269],[10.236,44.283],[10.229,44.297],[10.168,44.33],[10.161,44.344],[10.142,44.354],[10.12,44.353],[10.099,44.346],[10.053,44.373],[10.022,44.383],[9.989,44.404],[10.007,44.432],[10.001,44.443],[9.981,44.445],[9.971,44.464],[9.922,44.472],[9.862,44.471],[9.828,44.468],[9.79,44.437],[9.781,44.425],[9.732,44.379],[9.717,44.383],[9.687,44.366]]],[[[10.098,42.589],[10.087,42.603],[10.052,42.574],[10.082,42.571],[10.1,42.575],[10.098,42.589]]],[[[10.265,42.745],[10.29,42.739],[10.292,42.754],[10.345,42.764],[10.357,42.752],[10.385,42.714],[10.432,42.713],[10.433,42.735],[10.411,42.744],[10.402,42.757],[10.42,42.773],[10.434,42.775],[10.429,42.807],[10.432,42.826],[10.444,42.847],[10.408,42.871],[10.39,42.851],[10.379,42.827],[10.36,42.818],[10.357,42.799],[10.34,42.797],[10.317,42.805],[10.316,42.82],[10.275,42.818],[10.269,42.803],[10.248,42.799],[10.241,42.787],[10.22,42.793],[10.206,42.807],[10.189,42.81],[10.141,42.807],[10.113,42.796],[10.103,42.787],[10.104,42.768],[10.122,42.742],[10.151,42.731],[10.188,42.736],[10.237,42.726],[10.238,42.748],[10.265,42.745]]],[[[9.835,43.049],[9.837,43.065],[9.826,43.073],[9.803,43.05],[9.796,43.026],[9.801,43.007],[9.81,43.002],[9.842,43.03],[9.848,43.045],[9.835,43.049]]],[[[10.33,42.322],[10.327,42.343],[10.313,42.351],[10.293,42.344],[10.294,42.317],[10.315,42.314],[10.33,42.322]]],[[[12.177,43.811],[12.17,43.805],[12.186,43.774],[12.237,43.787],[12.238,43.8],[12.185,43.806],[12.177,43.811]]],[[[10.887,42.39],[10.882,42.352],[10.9,42.33],[10.917,42.319],[10.929,42.326],[10.925,42.355],[10.904,42.383],[10.887,42.39]]]]},"properties":{"reg_name":"Toscana"}},
{"type":"Feature","geometry":{"type":"Polygon","coordinates":[[[11.895,42.835],[11.905,42.828],[11.931,42.778],[11.958,42.773],[11.979,42.765],[11.969,42.735],[11.949,42.727],[11.926,42.705],[11.949,42.696],[11.941,42.683],[11.978,42.676],[12.025,42.651],[12.04,42.649],[12.074,42.657],[12.095,42.655],[12.107,42.665],[12.12,42.65],[12.141,42.656],[12.161,42.677],[12.197,42.664],[12.227,42.643],[12.243,42.628],[12.229,42.61],[12.246,42.6],[12.236,42.583],[12.239,42.572],[12.262,42.56],[12.275,42.56],[12.279,42.542],[12.267,42.533],[12.279,42.507],[12.29,42.511],[12.316,42.488],[12.325,42.495],[12.345,42.485],[12.351,42.474],[12.374,42.481],[12.39,42.498],[12.404,42.5],[12.428,42.487],[12.413,42.479],[12.418,42.458],[12.411,42.446],[12.422,42.422],[12.438,42.426],[12.467,42.419],[12.453,42.396],[12.481,42.404],[12.492,42.397],[12.511,42.404],[12.513,42.379],[12.531,42.365],[12.549,42.382],[12.57,42.383],[12.615,42.414],[12.612,42.436],[12.621,42.469],[12.643,42.465],[12.65,42.443],[12.666,42.441],[12.691,42.449],[12.703,42.461],[12.725,42.46],[12.742,42.471],[12.717,42.49],[12.711,42.501],[12.732,42.509],[12.774,42.513],[12.773,42.531],[12.823,42.537],[12.848,42.553],[12.893,42.563],[12.893,42.579],[12.88,42.602],[12.896,42.616],[12.932,42.604],[12.937,42.615],[12.953,42.619],[13.004,42.615],[13.015,42.632],[13.059,42.623],[13.098,42.636],[13.13,42.659],[13.144,42.646],[13.174,42.666],[13.173,42.687],[13.191,42.713],[13.189,42.734],[13.199,42.748],[13.194,42.758],[13.217,42.771],[13.245,42.773],[13.264,42.808],[13.251,42.833],[13.248,42.849],[13.231,42.854],[13.212,42.842],[13.188,42.834],[13.155,42.835],[13.139,42.858],[13.112,42.889],[13.081,42.9],[13.053,42.92],[13.038,42.908],[13.003,42.896],[12.99,42.871],[12.976,42.87],[12.968,42.901],[12.977,42.926],[12.949,42.93],[12.948,42.941],[12.929,42.953],[12.916,42.954],[12.896,42.965],[12.908,42.985],[12.888,43.01],[12.907,43.035],[12.892,43.048],[12.89,43.059],[12.897,43.093],[12.885,43.1],[12.883,43.117],[12.875,43.123],[12.843,43.122],[12.832,43.147],[12.852,43.154],[12.862,43.166],[12.868,43.195],[12.862,43.211],[12.837,43.218],[12.828,43.235],[12.825,43.267],[12.806,43.271],[12.789,43.284],[12.8,43.291],[12.802,43.308],[12.791,43.337],[12.773,43.351],[12.75,43.378],[12.747,43.39],[12.774,43.402],[12.78,43.414],[12.766,43.426],[12.767,43.46],[12.736,43.464],[12.715,43.446],[12.709,43.425],[12.663,43.437],[12.637,43.431],[12.625,43.421],[12.605,43.438],[12.588,43.444],[12.564,43.46],[12.524,43.496],[12.517,43.509],[12.5,43.521],[12.481,43.527],[12.457,43.517],[12.433,43.538],[12.418,43.535],[12.399,43.513],[12.367,43.534],[12.35,43.522],[12.333,43.524],[12.313,43.543],[12.32,43.553],[12.345,43.554],[12.373,43.584],[12.362,43.595],[12.371,43.611],[12.351,43.611],[12.313,43.602],[12.306,43.589],[12.288,43.595],[12.263,43.589],[12.225,43.594],[12.218,43.603],[12.218,43.604],[12.214,43.611],[12.196,43.599],[12.193,43.588],[12.163,43.561],[12.153,43.529],[12.142,43.536],[12.103,43.53],[12.091,43.511],[12.095,43.499],[12.131,43.483],[12.141,43.469],[12.104,43.46],[12.1,43.448],[12.08,43.434],[12.057,43.438],[12.025,43.416],[12.033,43.4],[12.078,43.399],[12.073,43.37],[12.119,43.364],[12.135,43.342],[12.134,43.316],[12.126,43.305],[12.133,43.293],[12.165,43.282],[12.178,43.283],[12.183,43.301],[12.194,43.313],[12.224,43.296],[12.21,43.283],[12.166,43.269],[12.149,43.255],[12.122,43.255],[12.101,43.241],[12.086,43.236],[12.049,43.253],[12.034,43.247],[12.04,43.229],[12.027,43.202],[12.027,43.192],[12.006,43.181],[11.987,43.181],[11.97,43.169],[11.946,43.162],[11.924,43.148],[11.921,43.118],[11.93,43.094],[11.924,43.075],[11.936,43.056],[11.948,43.056],[11.957,43.069],[11.981,43.056],[11.972,43.022],[11.949,42.962],[11.951,42.948],[11.943,42.938],[11.933,42.908],[11.952,42.901],[11.959,42.892],[11.959,42.871],[11.929,42.869],[11.912,42.85],[11.892,42.843],[11.895,42.835]]]},"properties":{"reg_name":"Umbria"}},
{"type":"Feature","geometry":{"type":"Polygon","coordinates":[[[12.218,43.603],[12.225,43.594],[12.263,43.589],[12.288,43.595],[12.306,43.589],[12.313,43.602],[12.351,43.611],[12.371,43.611],[12.362,43.595],[12.373,43.584],[12.345,43.554],[12.32,43.553],[12.313,43.543],[12.333,43.524],[12.35,43.522],[12.367,43.534],[12.399,43.513],[12.418,43.535],[12.433,43.538],[12.457,43.517],[12.481,43.527],[12.5,43.521],[12.517,43.509],[12.524,43.496],[12.564,43.46],[12.588,43.444],[12.605,43.438],[12.625,43.421],[12.637,43.431],[12.663,43.437],[12.709,43.425],[12.715,43.446],[12.736,43.464],[12.767,43.46],[12.766,43.426],[12.78,43.414],[12.774,43.402],[12.747,43.39],[12.75,43.378],[12.773,43.351],[12.791,43.337],[12.802,43.308],[12.8,43.291],[12.789,43.284],[12.806,43.271],[12.825,43.267],[12.828,43.235],[12.837,43.218],[12.862,43.211],[12.868,43.195],[12.862,43.166],[12.852,43.154],[12.832,43.147],[12.843,43.122],[12.875,43.123],[12.883,43.117],[12.885,43.1],[12.897,43.093],[12.89,43.059],[12.892,43.048],[12.907,43.035],[12.888,43.01],[12.908,42.985],[12.896,42.965],[12.916,42.954],[12.929,42.953],[12.948,42.941],[12.949,42.93],[12.977,42.926],[12.968,42.901],[12.976,42.87],[12.99,42.871],[13.003,42.896],[13.038,42.908],[13.053,42.92],[13.081,42.9],[13.112,42.889],[13.139,42.858],[13.155,42.835],[13.188,42.834],[13.212,42.842],[13.231,42.854],[13.248,42.849],[13.251,42.833],[13.264,42.808],[13.245,42.773],[13.217,42.771],[13.194,42.758],[13.199,42.748],[13.189,42.734],[13.254,42.721],[13.265,42.74],[13.288,42.739],[13.297,42.73],[13.319,42.723],[13.341,42.702],[13.358,42.694],[13.389,42.687],[13.427,42.706],[13.452,42.734],[13.489,42.734],[13.504,42.747],[13.502,42.771],[13.529,42.795],[13.534,42.817],[13.555,42.804],[13.571,42.801],[13.602,42.806],[13.624,42.817],[13.636,42.803],[13.664,42.807],[13.699,42.823],[13.711,42.843],[13.725,42.856],[13.774,42.859],[13.799,42.867],[13.816,42.878],[13.905,42.895],[13.917,42.895],[13.893,42.937],[13.873,42.987],[13.852,43.054],[13.845,43.097],[13.804,43.172],[13.778,43.234],[13.735,43.308],[13.71,43.337],[13.671,43.424],[13.644,43.47],[13.623,43.503],[13.621,43.529],[13.626,43.55],[13.61,43.559],[13.573,43.571],[13.566,43.589],[13.532,43.62],[13.515,43.624],[13.482,43.607],[13.453,43.611],[13.414,43.624],[13.375,43.644],[13.355,43.648],[13.308,43.668],[13.269,43.689],[13.22,43.718],[13.182,43.744],[13.128,43.777],[13.068,43.822],[13.022,43.85],[12.986,43.865],[12.907,43.923],[12.882,43.929],[12.798,43.965],[12.751,43.969],[12.756,43.962],[12.728,43.924],[12.735,43.896],[12.723,43.881],[12.734,43.87],[12.724,43.861],[12.682,43.853],[12.681,43.828],[12.668,43.824],[12.644,43.827],[12.623,43.821],[12.611,43.831],[12.601,43.851],[12.603,43.863],[12.584,43.884],[12.565,43.881],[12.562,43.87],[12.542,43.864],[12.522,43.874],[12.499,43.874],[12.487,43.886],[12.487,43.896],[12.462,43.894],[12.446,43.871],[12.401,43.873],[12.391,43.845],[12.399,43.826],[12.388,43.817],[12.366,43.813],[12.35,43.8],[12.316,43.806],[12.285,43.795],[12.289,43.786],[12.284,43.765],[12.327,43.751],[12.335,43.74],[12.368,43.715],[12.357,43.702],[12.345,43.71],[12.33,43.707],[12.321,43.695],[12.306,43.698],[12.297,43.686],[12.273,43.676],[12.251,43.673],[12.233,43.656],[12.204,43.652],[12.187,43.636],[12.21,43.621],[12.214,43.611],[12.218,43.604],[12.218,43.603]]]},"properties":{"reg_name":"Marche"}},
{"type":"Feature","geometry":{"type":"MultiPolygon","coordinates":[[[[11.895,42.835],[11.851,42.839],[11.832,42.827],[11.815,42.824],[11.803,42.801],[11.776,42.821],[11.753,42.802],[11.746,42.786],[11.759,42.782],[11.779,42.758],[11.807,42.754],[11.819,42.746],[11.797,42.707],[11.781,42.705],[11.786,42.69],[11.785,42.671],[11.808,42.66],[11.805,42.644],[11.781,42.635],[11.75,42.638],[11.752,42.626],[11.733,42.606],[11.712,42.611],[11.7,42.601],[11.68,42.595],[11.686,42.585],[11.657,42.577],[11.636,42.565],[11.616,42.56],[11.601,42.57],[11.579,42.566],[11.584,42.543],[11.569,42.533],[11.561,42.517],[11.586,42.505],[11.595,42.496],[11.616,42.489],[11.62,42.476],[11.618,42.436],[11.557,42.439],[11.544,42.442],[11.517,42.434],[11.489,42.439],[11.482,42.42],[11.45,42.394],[11.452,42.382],[11.451,42.377],[11.512,42.357],[11.556,42.338],[11.632,42.296],[11.665,42.268],[11.68,42.246],[11.695,42.236],[11.721,42.19],[11.739,42.171],[11.734,42.158],[11.755,42.127],[11.807,42.08],[11.82,42.05],[11.845,42.03],[11.879,42.038],[11.916,42.039],[11.964,42.014],[11.98,41.996],[12.007,41.992],[12.024,41.984],[12.05,41.957],[12.077,41.947],[12.091,41.936],[12.125,41.926],[12.141,41.916],[12.178,41.874],[12.204,41.83],[12.224,41.782],[12.22,41.771],[12.244,41.738],[12.249,41.737],[12.252,41.737],[12.307,41.717],[12.352,41.697],[12.389,41.675],[12.437,41.641],[12.468,41.615],[12.534,41.553],[12.575,41.508],[12.607,41.469],[12.622,41.445],[12.648,41.455],[12.669,41.456],[12.695,41.45],[12.728,41.433],[12.765,41.41],[12.789,41.418],[12.854,41.412],[12.877,41.404],[12.92,41.382],[12.95,41.362],[12.98,41.336],[13.018,41.286],[13.036,41.251],[13.034,41.241],[13.046,41.227],[13.068,41.222],[13.095,41.224],[13.105,41.241],[13.143,41.263],[13.181,41.278],[13.206,41.283],[13.251,41.283],[13.266,41.295],[13.292,41.298],[13.356,41.287],[13.408,41.269],[13.446,41.252],[13.47,41.237],[13.485,41.238],[13.501,41.228],[13.519,41.225],[13.548,41.207],[13.576,41.204],[13.568,41.231],[13.583,41.246],[13.621,41.261],[13.665,41.253],[13.68,41.244],[13.706,41.254],[13.743,41.236],[13.762,41.223],[13.774,41.243],[13.817,41.244],[13.834,41.252],[13.84,41.263],[13.828,41.277],[13.851,41.29],[13.882,41.291],[13.895,41.311],[13.874,41.336],[13.874,41.375],[13.886,41.384],[13.862,41.418],[13.875,41.426],[13.911,41.429],[13.931,41.44],[13.961,41.464],[13.978,41.462],[13.993,41.482],[13.973,41.494],[13.995,41.513],[14.014,41.516],[14.022,41.527],[14.024,41.561],[14.004,41.566],[13.998,41.579],[14.01,41.593],[14.011,41.608],[13.997,41.624],[13.988,41.654],[13.967,41.674],[13.941,41.688],[13.932,41.694],[13.92,41.717],[13.904,41.718],[13.898,41.732],[13.881,41.728],[13.823,41.741],[13.81,41.754],[13.79,41.743],[13.766,41.749],[13.749,41.761],[13.749,41.774],[13.716,41.797],[13.707,41.788],[13.693,41.792],[13.68,41.804],[13.663,41.811],[13.638,41.804],[13.643,41.793],[13.631,41.783],[13.586,41.766],[13.576,41.755],[13.547,41.762],[13.52,41.773],[13.504,41.802],[13.464,41.809],[13.452,41.823],[13.407,41.837],[13.396,41.834],[13.392,41.82],[13.38,41.817],[13.367,41.833],[13.36,41.869],[13.384,41.904],[13.357,41.926],[13.338,41.926],[13.323,41.945],[13.298,41.954],[13.286,41.95],[13.26,41.969],[13.243,41.972],[13.232,41.982],[13.199,41.986],[13.165,42],[13.14,42.015],[13.108,42.025],[13.101,42.01],[13.079,42.009],[13.058,42.016],[13.046,42.035],[13.027,42.05],[13.018,42.075],[13.037,42.119],[13.06,42.123],[13.086,42.144],[13.094,42.159],[13.087,42.178],[13.122,42.177],[13.158,42.157],[13.178,42.153],[13.193,42.158],[13.223,42.143],[13.237,42.129],[13.249,42.127],[13.265,42.137],[13.285,42.134],[13.305,42.138],[13.323,42.161],[13.354,42.175],[13.352,42.191],[13.332,42.208],[13.341,42.217],[13.32,42.23],[13.282,42.237],[13.271,42.254],[13.239,42.273],[13.229,42.287],[13.226,42.319],[13.191,42.332],[13.172,42.349],[13.153,42.357],[13.189,42.381],[13.189,42.4],[13.155,42.414],[13.142,42.429],[13.116,42.444],[13.133,42.458],[13.154,42.462],[13.178,42.479],[13.172,42.486],[13.178,42.513],[13.157,42.528],[13.176,42.553],[13.174,42.568],[13.192,42.578],[13.191,42.588],[13.227,42.583],[13.246,42.573],[13.262,42.583],[13.284,42.582],[13.291,42.571],[13.327,42.58],[13.343,42.575],[13.382,42.581],[13.393,42.591],[13.389,42.602],[13.406,42.629],[13.408,42.643],[13.37,42.649],[13.35,42.669],[13.358,42.694],[13.341,42.702],[13.319,42.723],[13.297,42.73],[13.288,42.739],[13.265,42.74],[13.254,42.721],[13.189,42.734],[13.191,42.713],[13.173,42.687],[13.174,42.666],[13.144,42.646],[13.13,42.659],[13.098,42.636],[13.059,42.623],[13.015,42.632],[13.004,42.615],[12.953,42.619],[12.937,42.615],[12.932,42.604],[12.896,42.616],[12.88,42.602],[12.893,42.579],[12.893,42.563],[12.848,42.553],[12.823,42.537],[12.773,42.531],[12.774,42.513],[12.732,42.509],[12.711,42.501],[12.717,42.49],[12.742,42.471],[12.725,42.46],[12.703,42.461],[12.691,42.449],[12.666,42.441],[12.65,42.443],[12.643,42.465],[12.621,42.469],[12.612,42.436],[12.615,42.414],[12.57,42.383],[12.549,42.382],[12.531,42.365],[12.513,42.379],[12.511,42.404],[12.492,42.397],[12.481,42.404],[12.453,42.396],[12.467,42.419],[12.438,42.426],[12.422,42.422],[12.411,42.446],[12.418,42.458],[12.413,42.479],[12.428,42.487],[12.404,42.5],[12.39,42.498],[12.374,42.481],[12.351,42.474],[12.345,42.485],[12.325,42.495],[12.316,42.488],[12.29,42.511],[12.279,42.507],[12.267,42.533],[12.279,42.542],[12.275,42.56],[12.262,42.56],[12.239,42.572],[12.236,42.583],[12.246,42.6],[12.229,42.61],[12.243,42.628],[12.227,42.643],[12.197,42.664],[12.161,42.677],[12.141,42.656],[12.12,42.65],[12.107,42.665],[12.095,42.655],[12.074,42.657],[12.04,42.649],[12.025,42.651],[11.978,42.676],[11.941,42.683],[11.949,42.696],[11.926,42.705],[11.949,42.727],[11.969,42.735],[11.979,42.765],[11.958,42.773],[11.931,42.778],[11.905,42.828],[11.895,42.835]]],[[[12.967,40.921],[12.949,40.917],[12.942,40.901],[12.959,40.897],[12.967,40.921]]]]},"properties":{"reg_name":"Lazio"}},
{"type":"Feature","geometry":{"type":"Polygon","coordinates":[[[13.941,41.688],[13.956,41.696],[13.994,41.694],[14.019,41.682],[14.027,41.703],[14.053,41.702],[14.053,41.72],[14.07,41.737],[14.088,41.739],[14.103,41.718],[14.123,41.727],[14.115,41.737],[14.159,41.747],[14.194,41.748],[14.202,41.767],[14.171,41.78],[14.165,41.809],[14.147,41.827],[14.156,41.84],[14.217,41.854],[14.227,41.875],[14.266,41.896],[14.279,41.91],[14.303,41.894],[14.324,41.896],[14.343,41.869],[14.376,41.878],[14.394,41.87],[14.446,41.838],[14.455,41.796],[14.465,41.777],[14.455,41.765],[14.49,41.761],[14.499,41.773],[14.533,41.792],[14.551,41.817],[14.568,41.818],[14.584,41.841],[14.599,41.853],[14.599,41.864],[14.614,41.889],[14.641,41.899],[14.664,41.916],[14.67,41.948],[14.727,42.003],[14.766,42.018],[14.782,42.035],[14.762,42.042],[14.78,42.07],[14.752,42.081],[14.724,42.099],[14.718,42.108],[14.717,42.17],[14.699,42.174],[14.621,42.199],[14.563,42.224],[14.508,42.253],[14.502,42.272],[14.483,42.287],[14.441,42.312],[14.41,42.348],[14.41,42.358],[14.391,42.373],[14.374,42.378],[14.321,42.405],[14.26,42.441],[14.238,42.457],[14.233,42.465],[14.206,42.479],[14.177,42.502],[14.159,42.521],[14.124,42.549],[14.075,42.602],[14.039,42.655],[14.026,42.668],[13.996,42.708],[13.975,42.751],[13.961,42.77],[13.94,42.814],[13.917,42.895],[13.905,42.895],[13.816,42.878],[13.799,42.867],[13.774,42.859],[13.725,42.856],[13.711,42.843],[13.699,42.823],[13.664,42.807],[13.636,42.803],[13.624,42.817],[13.602,42.806],[13.571,42.801],[13.555,42.804],[13.534,42.817],[13.529,42.795],[13.502,42.771],[13.504,42.747],[13.489,42.734],[13.452,42.734],[13.427,42.706],[13.389,42.687],[13.358,42.694],[13.35,42.669],[13.37,42.649],[13.408,42.643],[13.406,42.629],[13.389,42.602],[13.393,42.591],[13.382,42.581],[13.343,42.575],[13.327,42.58],[13.291,42.571],[13.284,42.582],[13.262,42.583],[13.246,42.573],[13.227,42.583],[13.191,42.588],[13.192,42.578],[13.174,42.568],[13.176,42.553],[13.157,42.528],[13.178,42.513],[13.172,42.486],[13.178,42.479],[13.154,42.462],[13.133,42.458],[13.116,42.444],[13.142,42.429],[13.155,42.414],[13.189,42.4],[13.189,42.381],[13.153,42.357],[13.172,42.349],[13.191,42.332],[13.226,42.319],[13.229,42.287],[13.239,42.273],[13.271,42.254],[13.282,42.237],[13.32,42.23],[13.341,42.217],[13.332,42.208],[13.352,42.191],[13.354,42.175],[13.323,42.161],[13.305,42.138],[13.285,42.134],[13.265,42.137],[13.249,42.127],[13.237,42.129],[13.223,42.143],[13.193,42.158],[13.178,42.153],[13.158,42.157],[13.122,42.177],[13.087,42.178],[13.094,42.159],[13.086,42.144],[13.06,42.123],[13.037,42.119],[13.018,42.075],[13.027,42.05],[13.046,42.035],[13.058,42.016],[13.079,42.009],[13.101,42.01],[13.108,42.025],[13.14,42.015],[13.165,42],[13.199,41.986],[13.232,41.982],[13.243,41.972],[13.26,41.969],[13.286,41.95],[13.298,41.954],[13.323,41.945],[13.338,41.926],[13.357,41.926],[13.384,41.904],[13.36,41.869],[13.367,41.833],[13.38,41.817],[13.392,41.82],[13.396,41.834],[13.407,41.837],[13.452,41.823],[13.464,41.809],[13.504,41.802],[13.52,41.773],[13.547,41.762],[13.576,41.755],[13.586,41.766],[13.631,41.783],[13.643,41.793],[13.638,41.804],[13.663,41.811],[13.68,41.804],[13.693,41.792],[13.707,41.788],[13.716,41.797],[13.749,41.774],[13.749,41.761],[13.766,41.749],[13.79,41.743],[13.81,41.754],[13.823,41.741],[13.881,41.728],[13.898,41.732],[13.904,41.718],[13.92,41.717],[13.932,41.694],[13.941,41.688]]]},"properties":{"reg_name":"Abruzzo"}},
{"type":"Feature","geometry":{"type":"Polygon","coordinates":[[[13.978,41.462],[14.006,41.453],[14.005,41.425],[14.018,41.423],[14.042,41.393],[14.085,41.4],[14.096,41.39],[14.107,41.416],[14.078,41.447],[14.097,41.473],[14.125,41.507],[14.152,41.483],[14.167,41.494],[14.205,41.5],[14.242,41.497],[14.249,41.485],[14.278,41.486],[14.327,41.453],[14.342,41.454],[14.401,41.437],[14.413,41.441],[14.428,41.429],[14.454,41.428],[14.478,41.41],[14.489,41.391],[14.51,41.382],[14.522,41.385],[14.552,41.379],[14.566,41.392],[14.586,41.38],[14.585,41.371],[14.603,41.364],[14.628,41.379],[14.634,41.387],[14.671,41.407],[14.7,41.411],[14.717,41.401],[14.765,41.417],[14.774,41.446],[14.79,41.453],[14.806,41.448],[14.843,41.427],[14.868,41.428],[14.884,41.445],[14.911,41.452],[14.946,41.456],[14.982,41.469],[14.991,41.48],[15.008,41.486],[14.966,41.519],[14.937,41.528],[14.938,41.551],[14.949,41.574],[14.947,41.61],[14.935,41.622],[14.956,41.643],[14.989,41.638],[14.991,41.629],[15.023,41.622],[15.025,41.634],[15.045,41.64],[15.048,41.656],[15.07,41.66],[15.106,41.686],[15.134,41.698],[15.143,41.711],[15.121,41.72],[15.103,41.741],[15.11,41.754],[15.097,41.766],[15.101,41.782],[15.115,41.79],[15.116,41.815],[15.1,41.834],[15.104,41.847],[15.123,41.86],[15.139,41.879],[15.131,41.903],[15.138,41.927],[15.089,41.938],[15.021,41.984],[15.004,41.991],[14.994,42.005],[14.916,42.018],[14.859,42.035],[14.78,42.07],[14.762,42.042],[14.782,42.035],[14.766,42.018],[14.727,42.003],[14.67,41.948],[14.664,41.916],[14.641,41.899],[14.614,41.889],[14.599,41.864],[14.599,41.853],[14.584,41.841],[14.568,41.818],[14.551,41.817],[14.533,41.792],[14.499,41.773],[14.49,41.761],[14.455,41.765],[14.465,41.777],[14.455,41.796],[14.446,41.838],[14.394,41.87],[14.376,41.878],[14.343,41.869],[14.324,41.896],[14.303,41.894],[14.279,41.91],[14.266,41.896],[14.227,41.875],[14.217,41.854],[14.156,41.84],[14.147,41.827],[14.165,41.809],[14.171,41.78],[14.202,41.767],[14.194,41.748],[14.159,41.747],[14.115,41.737],[14.123,41.727],[14.103,41.718],[14.088,41.739],[14.07,41.737],[14.053,41.72],[14.053,41.702],[14.027,41.703],[14.019,41.682],[13.994,41.694],[13.956,41.696],[13.941,41.688],[13.967,41.674],[13.988,41.654],[13.997,41.624],[14.011,41.608],[14.01,41.593],[13.998,41.579],[14.004,41.566],[14.024,41.561],[14.022,41.527],[14.014,41.516],[13.995,41.513],[13.973,41.494],[13.993,41.482],[13.978,41.462]]]},"properties":{"reg_name":"Molise"}},
{"type":"Feature","geometry":{"type":"MultiPolygon","coordinates":[[[[15.008,41.486],[14.991,41.48],[14.982,41.469],[14.946,41.456],[14.911,41.452],[14.884,41.445],[14.868,41.428],[14.843,41.427],[14.806,41.448],[14.79,41.453],[14.774,41.446],[14.765,41.417],[14.717,41.401],[14.7,41.411],[14.671,41.407],[14.634,41.387],[14.628,41.379],[14.603,41.364],[14.585,41.371],[14.586,41.38],[14.566,41.392],[14.552,41.379],[14.522,41.385],[14.51,41.382],[14.489,41.391],[14.478,41.41],[14.454,41.428],[14.428,41.429],[14.413,41.441],[14.401,41.437],[14.342,41.454],[14.327,41.453],[14.278,41.486],[14.249,41.485],[14.242,41.497],[14.205,41.5],[14.167,41.494],[14.152,41.483],[14.125,41.507],[14.097,41.473],[14.078,41.447],[14.107,41.416],[14.096,41.39],[14.085,41.4],[14.042,41.393],[14.018,41.423],[14.005,41.425],[14.006,41.453],[13.978,41.462],[13.961,41.464],[13.931,41.44],[13.911,41.429],[13.875,41.426],[13.862,41.418],[13.886,41.384],[13.874,41.375],[13.874,41.336],[13.895,41.311],[13.882,41.291],[13.851,41.29],[13.828,41.277],[13.84,41.263],[13.834,41.252],[13.817,41.244],[13.774,41.243],[13.762,41.223],[13.814,41.184],[13.836,41.163],[13.852,41.141],[13.891,41.096],[13.902,41.076],[13.922,41.027],[13.978,40.977],[13.997,40.956],[14.033,40.899],[14.045,40.865],[14.048,40.836],[14.042,40.791],[14.077,40.787],[14.085,40.793],[14.078,40.825],[14.108,40.832],[14.121,40.821],[14.156,40.818],[14.159,40.808],[14.187,40.792],[14.221,40.825],[14.221,40.826],[14.253,40.835],[14.274,40.845],[14.316,40.825],[14.333,40.814],[14.36,40.785],[14.36,40.786],[14.396,40.759],[14.413,40.752],[14.447,40.755],[14.466,40.736],[14.482,40.701],[14.439,40.682],[14.43,40.666],[14.408,40.652],[14.4,40.638],[14.365,40.628],[14.352,40.635],[14.32,40.588],[14.325,40.569],[14.352,40.582],[14.408,40.6],[14.419,40.61],[14.452,40.619],[14.467,40.619],[14.495,40.627],[14.53,40.607],[14.539,40.613],[14.577,40.618],[14.62,40.646],[14.642,40.647],[14.679,40.633],[14.692,40.634],[14.714,40.663],[14.747,40.678],[14.758,40.678],[14.789,40.665],[14.822,40.642],[14.858,40.608],[14.883,40.58],[14.907,40.547],[14.939,40.486],[14.98,40.429],[14.995,40.401],[15.001,40.378],[14.994,40.354],[14.979,40.352],[14.97,40.341],[14.946,40.337],[14.939,40.319],[14.947,40.295],[14.943,40.275],[14.906,40.254],[14.909,40.243],[14.935,40.229],[14.959,40.23],[14.969,40.222],[14.991,40.219],[15.016,40.197],[15.036,40.172],[15.066,40.164],[15.085,40.174],[15.118,40.177],[15.146,40.16],[15.179,40.127],[15.209,40.121],[15.239,40.093],[15.263,40.083],[15.276,40.067],[15.292,40.024],[15.315,40.032],[15.342,40.005],[15.357,39.999],[15.381,40.001],[15.419,39.991],[15.46,40.034],[15.484,40.038],[15.503,40.064],[15.531,40.074],[15.572,40.078],[15.633,40.067],[15.627,40.056],[15.645,40.043],[15.676,40.055],[15.669,40.073],[15.706,40.118],[15.707,40.146],[15.702,40.161],[15.715,40.168],[15.713,40.178],[15.73,40.186],[15.734,40.202],[15.751,40.202],[15.774,40.217],[15.797,40.225],[15.787,40.237],[15.805,40.251],[15.799,40.259],[15.806,40.275],[15.792,40.29],[15.765,40.298],[15.749,40.299],[15.727,40.315],[15.725,40.323],[15.705,40.344],[15.704,40.364],[15.71,40.377],[15.65,40.408],[15.626,40.426],[15.595,40.441],[15.578,40.469],[15.539,40.488],[15.536,40.501],[15.55,40.509],[15.535,40.522],[15.545,40.53],[15.531,40.556],[15.51,40.586],[15.475,40.592],[15.449,40.609],[15.468,40.639],[15.492,40.647],[15.504,40.663],[15.487,40.673],[15.47,40.673],[15.43,40.692],[15.403,40.716],[15.381,40.724],[15.379,40.751],[15.389,40.768],[15.381,40.779],[15.386,40.792],[15.366,40.8],[15.366,40.812],[15.335,40.835],[15.378,40.841],[15.378,40.868],[15.355,40.871],[15.354,40.883],[15.373,40.886],[15.384,40.876],[15.403,40.882],[15.445,40.877],[15.461,40.867],[15.473,40.875],[15.468,40.89],[15.527,40.908],[15.535,40.92],[15.542,40.946],[15.567,40.969],[15.572,40.999],[15.543,41.056],[15.489,41.07],[15.478,41.079],[15.446,41.078],[15.427,41.093],[15.396,41.107],[15.367,41.085],[15.352,41.095],[15.314,41.104],[15.292,41.094],[15.267,41.107],[15.236,41.14],[15.211,41.149],[15.209,41.168],[15.228,41.185],[15.257,41.197],[15.246,41.236],[15.28,41.241],[15.276,41.25],[15.247,41.271],[15.216,41.275],[15.201,41.286],[15.15,41.283],[15.136,41.287],[15.127,41.303],[15.131,41.317],[15.113,41.319],[15.1,41.328],[15.072,41.332],[15.058,41.372],[15.082,41.388],[15.098,41.391],[15.087,41.404],[15.099,41.434],[15.076,41.433],[15.047,41.443],[15.032,41.453],[15.024,41.477],[15.008,41.486]]],[[[14.231,40.542],[14.252,40.542],[14.266,40.557],[14.24,40.556],[14.213,40.562],[14.198,40.559],[14.198,40.537],[14.231,40.542]]],[[[13.954,40.707],[13.965,40.713],[13.955,40.74],[13.924,40.75],[13.908,40.749],[13.877,40.757],[13.859,40.738],[13.861,40.717],[13.851,40.711],[13.874,40.697],[13.91,40.701],[13.923,40.697],[13.954,40.707]]]]},"properties":{"reg_name":"Campania"}},
{"type":"Feature","geometry":{"type":"Polygon","coordinates":[[[15.008,41.486],[15.024,41.477],[15.032,41.453],[15.047,41.443],[15.076,41.433],[15.099,41.434],[15.087,41.404],[15.098,41.391],[15.082,41.388],[15.058,41.372],[15.072,41.332],[15.1,41.328],[15.113,41.319],[15.131,41.317],[15.127,41.303],[15.136,41.287],[15.15,41.283],[15.201,41.286],[15.216,41.275],[15.247,41.271],[15.276,41.25],[15.28,41.241],[15.246,41.236],[15.257,41.197],[15.228,41.185],[15.209,41.168],[15.211,41.149],[15.236,41.14],[15.267,41.107],[15.292,41.094],[15.314,41.104],[15.352,41.095],[15.367,41.085],[15.396,41.107],[15.427,41.093],[15.446,41.078],[15.478,41.079],[15.489,41.07],[15.543,41.056],[15.543,41.067],[15.559,41.087],[15.588,41.098],[15.617,41.099],[15.647,41.09],[15.679,41.087],[15.725,41.091],[15.73,41.099],[15.753,41.097],[15.768,41.083],[15.799,41.092],[15.805,41.111],[15.825,41.118],[15.834,41.13],[15.847,41.126],[15.881,41.137],[15.921,41.111],[15.953,41.111],[15.96,41.1],[15.976,41.094],[15.98,41.082],[15.999,41.054],[16.007,41.059],[16.041,41.036],[16.028,41.024],[16.032,40.998],[16.003,40.97],[15.972,40.972],[15.977,40.958],[16.046,40.937],[16.059,40.929],[16.094,40.92],[16.121,40.899],[16.138,40.918],[16.163,40.929],[16.202,40.918],[16.224,40.887],[16.231,40.855],[16.256,40.824],[16.278,40.802],[16.316,40.783],[16.35,40.749],[16.38,40.736],[16.4,40.707],[16.414,40.702],[16.431,40.705],[16.48,40.737],[16.496,40.758],[16.523,40.746],[16.521,40.74],[16.544,40.726],[16.537,40.753],[16.567,40.754],[16.575,40.763],[16.608,40.752],[16.633,40.754],[16.653,40.744],[16.663,40.749],[16.678,40.736],[16.725,40.714],[16.697,40.702],[16.726,40.678],[16.71,40.633],[16.713,40.616],[16.724,40.602],[16.708,40.563],[16.706,40.55],[16.724,40.535],[16.716,40.524],[16.737,40.504],[16.72,40.481],[16.736,40.468],[16.76,40.463],[16.793,40.462],[16.81,40.447],[16.809,40.433],[16.851,40.401],[16.867,40.398],[16.902,40.435],[16.958,40.475],[16.995,40.495],[17.045,40.512],[17.085,40.52],[17.129,40.517],[17.163,40.506],[17.182,40.481],[17.22,40.479],[17.247,40.462],[17.256,40.443],[17.23,40.424],[17.209,40.421],[17.203,40.408],[17.223,40.409],[17.233,40.401],[17.268,40.391],[17.279,40.379],[17.294,40.378],[17.311,40.366],[17.34,40.362],[17.349,40.355],[17.379,40.346],[17.402,40.332],[17.427,40.332],[17.451,40.326],[17.458,40.317],[17.495,40.31],[17.511,40.295],[17.678,40.305],[17.757,40.298],[17.816,40.29],[17.839,40.281],[17.856,40.286],[17.905,40.256],[17.907,40.242],[17.924,40.218],[17.92,40.192],[17.939,40.171],[17.959,40.158],[17.964,40.148],[17.987,40.14],[18.011,40.107],[18.011,40.086],[17.998,40.051],[18.019,40.027],[18.018,40.007],[17.995,39.995],[18.013,39.971],[18.029,39.957],[18.03,39.949],[18.048,39.929],[18.068,39.919],[18.077,39.907],[18.121,39.885],[18.151,39.861],[18.19,39.847],[18.205,39.839],[18.242,39.835],[18.263,39.836],[18.327,39.807],[18.346,39.791],[18.369,39.794],[18.389,39.816],[18.386,39.831],[18.399,39.889],[18.39,39.906],[18.408,39.978],[18.417,39.994],[18.432,40.001],[18.436,40.025],[18.475,40.044],[18.485,40.077],[18.52,40.107],[18.507,40.125],[18.513,40.138],[18.489,40.147],[18.479,40.178],[18.464,40.193],[18.458,40.212],[18.465,40.222],[18.45,40.246],[18.44,40.269],[18.423,40.294],[18.409,40.298],[18.386,40.314],[18.363,40.342],[18.345,40.356],[18.317,40.372],[18.306,40.392],[18.279,40.407],[18.249,40.437],[18.203,40.467],[18.186,40.469],[18.17,40.481],[18.139,40.488],[18.079,40.528],[18.075,40.54],[18.042,40.559],[18.035,40.575],[18.045,40.597],[18.018,40.622],[18.015,40.637],[17.999,40.649],[17.982,40.644],[17.952,40.648],[17.962,40.66],[17.947,40.67],[17.942,40.682],[17.925,40.68],[17.874,40.685],[17.828,40.695],[17.747,40.733],[17.723,40.751],[17.682,40.767],[17.634,40.781],[17.559,40.798],[17.473,40.832],[17.457,40.849],[17.415,40.871],[17.385,40.895],[17.35,40.906],[17.334,40.929],[17.307,40.952],[17.272,40.975],[17.237,40.993],[17.202,41.004],[17.201,41.009],[17.175,41.029],[17.142,41.037],[17.094,41.062],[17.046,41.08],[16.998,41.088],[16.961,41.098],[16.929,41.112],[16.89,41.119],[16.866,41.13],[16.852,41.129],[16.84,41.139],[16.81,41.14],[16.779,41.16],[16.695,41.178],[16.66,41.192],[16.626,41.195],[16.582,41.208],[16.571,41.219],[16.544,41.228],[16.532,41.239],[16.453,41.26],[16.422,41.28],[16.387,41.29],[16.359,41.305],[16.293,41.322],[16.267,41.327],[16.245,41.336],[16.207,41.359],[16.169,41.369],[16.041,41.421],[16.006,41.433],[15.981,41.446],[15.945,41.471],[15.918,41.506],[15.905,41.532],[15.894,41.576],[15.898,41.605],[15.903,41.618],[15.944,41.642],[16.014,41.67],[16.065,41.696],[16.074,41.711],[16.09,41.715],[16.105,41.73],[16.14,41.741],[16.163,41.755],[16.169,41.767],[16.187,41.772],[16.198,41.804],[16.195,41.822],[16.177,41.855],[16.176,41.885],[16.162,41.89],[16.153,41.909],[16.118,41.917],[16.09,41.939],[16.062,41.945],[16.024,41.946],[16.012,41.95],[15.988,41.944],[15.925,41.933],[15.806,41.921],[15.75,41.917],[15.687,41.914],[15.642,41.927],[15.623,41.927],[15.525,41.912],[15.458,41.904],[15.392,41.901],[15.363,41.903],[15.336,41.917],[15.293,41.92],[15.208,41.919],[15.138,41.927],[15.131,41.903],[15.139,41.879],[15.123,41.86],[15.104,41.847],[15.1,41.834],[15.116,41.815],[15.115,41.79],[15.101,41.782],[15.097,41.766],[15.11,41.754],[15.103,41.741],[15.121,41.72],[15.143,41.711],[15.134,41.698],[15.106,41.686],[15.07,41.66],[15.048,41.656],[15.045,41.64],[15.025,41.634],[15.023,41.622],[14.991,41.629],[14.989,41.638],[14.956,41.643],[14.935,41.622],[14.947,41.61],[14.949,41.574],[14.938,41.551],[14.937,41.528],[14.966,41.519],[15.008,41.486]]]},"properties":{"reg_name":"Puglia"}},
{"type":"Feature","geometry":{"type":"Polygon","coordinates":[[[15.543,41.056],[15.572,40.999],[15.567,40.969],[15.542,40.946],[15.535,40.92],[15.527,40.908],[15.468,40.89],[15.473,40.875],[15.461,40.867],[15.445,40.877],[15.403,40.882],[15.384,40.876],[15.373,40.886],[15.354,40.883],[15.355,40.871],[15.378,40.868],[15.378,40.841],[15.335,40.835],[15.366,40.812],[15.366,40.8],[15.386,40.792],[15.381,40.779],[15.389,40.768],[15.379,40.751],[15.381,40.724],[15.403,40.716],[15.43,40.692],[15.47,40.673],[15.487,40.673],[15.504,40.663],[15.492,40.647],[15.468,40.639],[15.449,40.609],[15.475,40.592],[15.51,40.586],[15.531,40.556],[15.545,40.53],[15.535,40.522],[15.55,40.509],[15.536,40.501],[15.539,40.488],[15.578,40.469],[15.595,40.441],[15.626,40.426],[15.65,40.408],[15.71,40.377],[15.704,40.364],[15.705,40.344],[15.725,40.323],[15.727,40.315],[15.749,40.299],[15.765,40.298],[15.792,40.29],[15.806,40.275],[15.799,40.259],[15.805,40.251],[15.787,40.237],[15.797,40.225],[15.774,40.217],[15.751,40.202],[15.734,40.202],[15.73,40.186],[15.713,40.178],[15.715,40.168],[15.702,40.161],[15.707,40.146],[15.706,40.118],[15.669,40.073],[15.676,40.055],[15.645,40.043],[15.664,40.04],[15.677,40.026],[15.681,40.006],[15.732,39.964],[15.743,39.934],[15.756,39.924],[15.766,39.931],[15.771,39.956],[15.795,39.972],[15.82,40.002],[15.85,40.006],[15.868,39.99],[15.89,39.995],[15.898,39.982],[15.928,40.001],[15.969,39.992],[15.979,39.982],[16.031,39.993],[16.034,39.984],[16.02,39.975],[16.007,39.957],[16.017,39.927],[16.038,39.916],[16.053,39.898],[16.083,39.897],[16.103,39.907],[16.129,39.906],[16.138,39.901],[16.159,39.919],[16.215,39.896],[16.217,39.928],[16.238,39.925],[16.268,39.936],[16.282,39.931],[16.314,39.931],[16.343,39.902],[16.355,39.901],[16.36,39.92],[16.338,39.936],[16.358,39.954],[16.36,39.968],[16.372,39.986],[16.391,40.003],[16.398,40.019],[16.394,40.05],[16.414,40.081],[16.414,40.11],[16.409,40.121],[16.452,40.135],[16.471,40.134],[16.495,40.125],[16.518,40.129],[16.53,40.118],[16.562,40.13],[16.587,40.133],[16.628,40.13],[16.644,40.119],[16.684,40.144],[16.705,40.172],[16.731,40.203],[16.749,40.246],[16.786,40.303],[16.85,40.374],[16.867,40.398],[16.851,40.401],[16.809,40.433],[16.81,40.447],[16.793,40.462],[16.76,40.463],[16.736,40.468],[16.72,40.481],[16.737,40.504],[16.716,40.524],[16.724,40.535],[16.706,40.55],[16.708,40.563],[16.724,40.602],[16.713,40.616],[16.71,40.633],[16.726,40.678],[16.697,40.702],[16.725,40.714],[16.678,40.736],[16.663,40.749],[16.653,40.744],[16.633,40.754],[16.608,40.752],[16.575,40.763],[16.567,40.754],[16.537,40.753],[16.544,40.726],[16.521,40.74],[16.523,40.746],[16.496,40.758],[16.48,40.737],[16.431,40.705],[16.414,40.702],[16.4,40.707],[16.38,40.736],[16.35,40.749],[16.316,40.783],[16.278,40.802],[16.256,40.824],[16.231,40.855],[16.224,40.887],[16.202,40.918],[16.163,40.929],[16.138,40.918],[16.121,40.899],[16.094,40.92],[16.059,40.929],[16.046,40.937],[15.977,40.958],[15.972,40.972],[16.003,40.97],[16.032,40.998],[16.028,41.024],[16.041,41.036],[16.007,41.059],[15.999,41.054],[15.98,41.082],[15.976,41.094],[15.96,41.1],[15.953,41.111],[15.921,41.111],[15.881,41.137],[15.847,41.126],[15.834,41.13],[15.825,41.118],[15.805,41.111],[15.799,41.092],[15.768,41.083],[15.753,41.097],[15.73,41.099],[15.725,41.091],[15.679,41.087],[15.647,41.09],[15.617,41.099],[15.588,41.098],[15.559,41.087],[15.543,41.067],[15.543,41.056]]]},"properties":{"reg_name":"Basilicata"}},
{"type":"Feature","geometry":{"type":"Polygon","coordinates":[[[15.756,39.924],[15.779,39.894],[15.791,39.865],[15.779,39.847],[15.777,39.821],[15.786,39.817],[15.795,39.773],[15.808,39.731],[15.809,39.71],[15.817,39.677],[15.832,39.668],[15.844,39.628],[15.851,39.619],[15.874,39.554],[15.882,39.544],[15.925,39.527],[15.945,39.503],[15.959,39.478],[15.974,39.467],[15.994,39.445],[16.037,39.348],[16.046,39.306],[16.051,39.298],[16.062,39.195],[16.067,39.133],[16.076,39.113],[16.095,39.042],[16.102,39.025],[16.132,38.998],[16.154,38.954],[16.218,38.92],[16.221,38.866],[16.219,38.835],[16.214,38.812],[16.198,38.776],[16.182,38.748],[16.16,38.737],[16.147,38.724],[16.128,38.716],[16.104,38.712],[16.032,38.728],[15.986,38.723],[15.971,38.714],[15.948,38.691],[15.905,38.683],[15.885,38.674],[15.872,38.673],[15.848,38.659],[15.836,38.645],[15.827,38.623],[15.845,38.613],[15.867,38.593],[15.893,38.578],[15.901,38.564],[15.928,38.55],[15.931,38.537],[15.911,38.478],[15.898,38.452],[15.879,38.426],[15.865,38.402],[15.858,38.38],[15.833,38.356],[15.83,38.325],[15.817,38.301],[15.794,38.28],[15.749,38.257],[15.713,38.254],[15.679,38.247],[15.671,38.241],[15.637,38.232],[15.633,38.194],[15.641,38.169],[15.655,38.152],[15.655,38.134],[15.648,38.114],[15.631,38.102],[15.635,38.076],[15.649,38.068],[15.648,38.054],[15.654,38.031],[15.634,38.018],[15.646,37.991],[15.678,37.954],[15.697,37.949],[15.711,37.936],[15.733,37.925],[15.764,37.916],[15.803,37.92],[15.84,37.919],[15.875,37.926],[15.92,37.93],[15.957,37.919],[15.998,37.916],[16.019,37.923],[16.064,37.926],[16.097,37.957],[16.116,37.982],[16.144,38.031],[16.143,38.044],[16.158,38.1],[16.161,38.128],[16.166,38.137],[16.192,38.158],[16.214,38.181],[16.273,38.24],[16.289,38.26],[16.302,38.269],[16.33,38.297],[16.366,38.307],[16.422,38.326],[16.437,38.329],[16.473,38.344],[16.503,38.365],[16.556,38.411],[16.571,38.427],[16.582,38.452],[16.579,38.503],[16.572,38.535],[16.573,38.564],[16.567,38.605],[16.56,38.621],[16.556,38.655],[16.559,38.68],[16.536,38.704],[16.543,38.727],[16.568,38.754],[16.567,38.765],[16.603,38.809],[16.625,38.826],[16.638,38.827],[16.673,38.844],[16.701,38.86],[16.77,38.893],[16.836,38.915],[16.876,38.925],[16.954,38.938],[16.978,38.938],[16.998,38.93],[17.01,38.912],[17.047,38.919],[17.083,38.913],[17.093,38.906],[17.13,38.926],[17.148,38.943],[17.17,38.957],[17.16,38.981],[17.171,39.004],[17.196,39.027],[17.173,39.033],[17.147,39.046],[17.135,39.059],[17.13,39.075],[17.11,39.098],[17.11,39.124],[17.123,39.158],[17.142,39.189],[17.148,39.206],[17.127,39.226],[17.111,39.245],[17.105,39.266],[17.111,39.289],[17.109,39.307],[17.132,39.359],[17.135,39.372],[17.153,39.394],[17.153,39.402],[17.121,39.405],[17.081,39.422],[17.047,39.444],[17.024,39.484],[16.98,39.491],[16.944,39.502],[16.902,39.525],[16.867,39.539],[16.827,39.568],[16.818,39.588],[16.77,39.621],[16.756,39.624],[16.736,39.616],[16.689,39.622],[16.63,39.62],[16.607,39.625],[16.563,39.643],[16.529,39.666],[16.526,39.68],[16.529,39.724],[16.5,39.741],[16.487,39.767],[16.486,39.782],[16.497,39.818],[16.538,39.871],[16.555,39.888],[16.605,39.931],[16.629,39.967],[16.618,39.976],[16.611,39.998],[16.606,40.026],[16.599,40.037],[16.604,40.074],[16.609,40.085],[16.644,40.119],[16.628,40.13],[16.587,40.133],[16.562,40.13],[16.53,40.118],[16.518,40.129],[16.495,40.125],[16.471,40.134],[16.452,40.135],[16.409,40.121],[16.414,40.11],[16.414,40.081],[16.394,40.05],[16.398,40.019],[16.391,40.003],[16.372,39.986],[16.36,39.968],[16.358,39.954],[16.338,39.936],[16.36,39.92],[16.355,39.901],[16.343,39.902],[16.314,39.931],[16.282,39.931],[16.268,39.936],[16.238,39.925],[16.217,39.928],[16.215,39.896],[16.159,39.919],[16.138,39.901],[16.129,39.906],[16.103,39.907],[16.083,39.897],[16.053,39.898],[16.038,39.916],[16.017,39.927],[16.007,39.957],[16.02,39.975],[16.034,39.984],[16.031,39.993],[15.979,39.982],[15.969,39.992],[15.928,40.001],[15.898,39.982],[15.89,39.995],[15.868,39.99],[15.85,40.006],[15.82,40.002],[15.795,39.972],[15.771,39.956],[15.766,39.931],[15.756,39.924]]]},"properties":{"reg_name":"Calabria"}},
{"type":"Feature","geometry":{"type":"MultiPolygon","coordinates":[[[[12.908,38.025],[12.893,38.024],[12.871,38.037],[12.869,38.051],[12.839,38.058],[12.827,38.067],[12.79,38.112],[12.791,38.135],[12.779,38.151],[12.766,38.18],[12.739,38.176],[12.727,38.188],[12.716,38.179],[12.719,38.167],[12.738,38.141],[12.71,38.109],[12.688,38.106],[12.672,38.115],[12.657,38.107],[12.661,38.091],[12.646,38.08],[12.611,38.066],[12.578,38.071],[12.559,38.064],[12.555,38.052],[12.519,38.021],[12.519,38.009],[12.495,37.985],[12.499,37.966],[12.492,37.951],[12.469,37.917],[12.459,37.908],[12.467,37.892],[12.486,37.874],[12.467,37.84],[12.468,37.828],[12.457,37.814],[12.441,37.813],[12.425,37.803],[12.455,37.773],[12.47,37.747],[12.472,37.703],[12.494,37.687],[12.501,37.675],[12.534,37.659],[12.554,37.663],[12.586,37.654],[12.614,37.635],[12.63,37.602],[12.673,37.56],[12.726,37.569],[12.765,37.579],[12.811,37.582],[12.858,37.583],[12.905,37.574],[12.918,37.577],[12.956,37.567],[12.989,37.541],[13.012,37.513],[13.013,37.499],[13.039,37.496],[13.055,37.504],[13.078,37.506],[13.131,37.492],[13.144,37.497],[13.169,37.492],[13.188,37.479],[13.196,37.465],[13.217,37.459],[13.239,37.433],[13.254,37.425],[13.272,37.392],[13.298,37.387],[13.323,37.363],[13.353,37.358],[13.402,37.333],[13.427,37.31],[13.453,37.295],[13.482,37.288],[13.512,37.292],[13.538,37.282],[13.551,37.287],[13.614,37.242],[13.639,37.229],[13.656,37.212],[13.663,37.193],[13.691,37.184],[13.708,37.173],[13.726,37.17],[13.751,37.149],[13.767,37.146],[13.824,37.144],[13.839,37.137],[13.859,37.112],[13.879,37.102],[13.907,37.096],[13.935,37.096],[13.975,37.109],[13.994,37.11],[14.036,37.106],[14.069,37.11],[14.157,37.095],[14.198,37.081],[14.23,37.068],[14.244,37.065],[14.296,37.037],[14.363,36.978],[14.383,36.956],[14.436,36.885],[14.444,36.87],[14.459,36.827],[14.458,36.819],[14.479,36.805],[14.494,36.787],[14.516,36.788],[14.531,36.78],[14.556,36.782],[14.588,36.777],[14.607,36.768],[14.639,36.761],[14.647,36.753],[14.671,36.743],[14.69,36.721],[14.743,36.721],[14.757,36.71],[14.783,36.704],[14.811,36.716],[14.862,36.73],[14.895,36.729],[14.919,36.72],[14.957,36.694],[14.973,36.693],[14.996,36.702],[15.021,36.701],[15.042,36.689],[15.057,36.662],[15.082,36.649],[15.103,36.662],[15.112,36.673],[15.133,36.668],[15.14,36.685],[15.126,36.698],[15.122,36.731],[15.095,36.777],[15.094,36.799],[15.11,36.817],[15.105,36.834],[15.111,36.848],[15.137,36.88],[15.153,36.914],[15.168,36.922],[15.186,36.946],[15.23,36.97],[15.259,36.973],[15.268,37.003],[15.304,37.015],[15.315,37.004],[15.337,37.008],[15.315,37.037],[15.303,37.043],[15.289,37.033],[15.279,37.035],[15.271,37.051],[15.278,37.065],[15.292,37.069],[15.301,37.08],[15.296,37.107],[15.282,37.11],[15.263,37.106],[15.237,37.116],[15.221,37.129],[15.22,37.145],[15.201,37.161],[15.201,37.178],[15.187,37.191],[15.183,37.209],[15.207,37.245],[15.235,37.242],[15.254,37.234],[15.241,37.261],[15.223,37.271],[15.209,37.291],[15.195,37.283],[15.171,37.293],[15.162,37.289],[15.139,37.307],[15.111,37.311],[15.098,37.321],[15.091,37.359],[15.092,37.406],[15.086,37.48],[15.116,37.532],[15.143,37.544],[15.177,37.577],[15.174,37.595],[15.174,37.632],[15.193,37.647],[15.199,37.677],[15.218,37.708],[15.205,37.739],[15.212,37.754],[15.248,37.8],[15.266,37.815],[15.269,37.831],[15.286,37.848],[15.298,37.851],[15.298,37.866],[15.306,37.878],[15.346,37.914],[15.349,37.923],[15.405,37.983],[15.439,38.017],[15.442,38.025],[15.477,38.055],[15.494,38.075],[15.522,38.128],[15.55,38.168],[15.568,38.224],[15.584,38.247],[15.611,38.257],[15.651,38.265],[15.649,38.271],[15.609,38.274],[15.583,38.283],[15.557,38.298],[15.54,38.301],[15.517,38.296],[15.45,38.251],[15.4,38.232],[15.354,38.218],[15.293,38.206],[15.268,38.207],[15.241,38.218],[15.25,38.233],[15.25,38.256],[15.235,38.253],[15.239,38.236],[15.225,38.205],[15.212,38.186],[15.171,38.152],[15.132,38.138],[15.114,38.127],[15.089,38.12],[15.056,38.132],[15.043,38.152],[15.012,38.149],[14.967,38.153],[14.94,38.179],[14.916,38.192],[14.891,38.172],[14.784,38.152],[14.762,38.156],[14.747,38.165],[14.689,38.109],[14.671,38.094],[14.63,38.07],[14.616,38.072],[14.581,38.059],[14.556,38.06],[14.533,38.045],[14.476,38.033],[14.446,38.034],[14.424,38.04],[14.398,38.024],[14.373,38.016],[14.339,38.019],[14.309,38.008],[14.228,38.01],[14.18,38.021],[14.169,38.018],[14.146,38.026],[14.126,38.017],[14.106,38.015],[14.062,38.019],[14.033,38.036],[13.98,38.029],[13.946,38.028],[13.896,38.004],[13.834,37.983],[13.797,37.975],[13.745,37.97],[13.711,37.978],[13.704,37.991],[13.664,37.994],[13.619,38.012],[13.598,38.026],[13.568,38.038],[13.541,38.058],[13.541,38.092],[13.536,38.107],[13.509,38.12],[13.505,38.108],[13.473,38.098],[13.443,38.095],[13.404,38.1],[13.384,38.109],[13.365,38.126],[13.375,38.154],[13.366,38.183],[13.326,38.204],[13.318,38.224],[13.296,38.217],[13.277,38.202],[13.248,38.199],[13.238,38.186],[13.195,38.17],[13.162,38.173],[13.156,38.187],[13.138,38.184],[13.122,38.191],[13.106,38.191],[13.081,38.174],[13.083,38.158],[13.067,38.143],[13.053,38.139],[13.068,38.121],[13.078,38.088],[13.053,38.072],[13.04,38.071],[12.997,38.048],[12.966,38.036],[12.908,38.025]]],[[[12.308,37.952],[12.274,37.936],[12.282,37.919],[12.295,37.916],[12.317,37.921],[12.337,37.92],[12.351,37.908],[12.366,37.906],[12.371,37.918],[12.339,37.937],[12.317,37.937],[12.308,37.952]]],[[[12.064,37.99],[12.034,37.989],[12.056,37.952],[12.084,37.945],[12.081,37.958],[12.065,37.978],[12.064,37.99]]],[[[12.334,38.021],[12.32,38.001],[12.33,37.987],[12.351,37.989],[12.334,38.021]]],[[[12.45,37.896],[12.432,37.896],[12.444,37.848],[12.452,37.853],[12.45,37.896]]],[[[11.955,36.839],[11.935,36.832],[11.927,36.82],[11.927,36.802],[11.944,36.79],[11.957,36.768],[11.973,36.763],[11.982,36.744],[11.993,36.737],[12.028,36.736],[12.049,36.75],[12.056,36.775],[12.049,36.8],[12.027,36.811],[12.013,36.825],[12.001,36.82],[11.955,36.839]]],[[[13.18,38.721],[13.159,38.712],[13.153,38.694],[13.174,38.692],[13.2,38.709],[13.18,38.721]]],[[[14.847,38.538],[14.871,38.537],[14.874,38.561],[14.867,38.583],[14.846,38.579],[14.807,38.583],[14.797,38.561],[14.847,38.538]]],[[[14.964,38.412],[14.954,38.418],[14.939,38.409],[14.949,38.385],[14.976,38.369],[14.992,38.367],[15.006,38.376],[14.997,38.396],[14.985,38.405],[14.964,38.412]]],[[[14.962,38.521],[14.912,38.518],[14.904,38.509],[14.899,38.479],[14.912,38.465],[14.932,38.461],[14.953,38.439],[14.963,38.452],[14.957,38.477],[14.964,38.489],[14.962,38.521]]],[[[14.352,38.531],[14.366,38.55],[14.349,38.554],[14.341,38.535],[14.352,38.531]]],[[[14.587,38.559],[14.576,38.581],[14.545,38.585],[14.539,38.578],[14.556,38.558],[14.587,38.559]]],[[[15.215,38.771],[15.227,38.777],[15.242,38.805],[15.213,38.81],[15.189,38.788],[15.215,38.771]]],[[[12.531,35.529],[12.518,35.522],[12.569,35.511],[12.599,35.496],[12.633,35.494],[12.625,35.51],[12.632,35.518],[12.605,35.526],[12.594,35.521],[12.531,35.529]]],[[[12.877,35.875],[12.86,35.876],[12.848,35.868],[12.86,35.855],[12.881,35.855],[12.877,35.875]]]]},"properties":{"reg_name":"Sicilia"}},
{"type":"Feature","geometry":{"type":"MultiPolygon","coordinates":[[[[8.368,40.496],[8.374,40.491],[8.386,40.453],[8.398,40.43],[8.4,40.403],[8.389,40.366],[8.379,40.36],[8.39,40.338],[8.42,40.337],[8.443,40.319],[8.464,40.315],[8.464,40.3],[8.483,40.285],[8.473,40.242],[8.462,40.214],[8.468,40.199],[8.456,40.177],[8.461,40.17],[8.46,40.15],[8.472,40.13],[8.485,40.118],[8.489,40.08],[8.454,40.051],[8.433,40.05],[8.422,40.043],[8.386,40.044],[8.378,40.029],[8.407,40.029],[8.414,40.018],[8.409,39.996],[8.393,39.979],[8.402,39.945],[8.399,39.904],[8.431,39.888],[8.439,39.875],[8.468,39.904],[8.507,39.908],[8.532,39.897],[8.545,39.885],[8.54,39.87],[8.552,39.864],[8.555,39.839],[8.545,39.795],[8.531,39.77],[8.513,39.753],[8.521,39.746],[8.498,39.718],[8.472,39.749],[8.458,39.769],[8.444,39.758],[8.449,39.74],[8.447,39.715],[8.455,39.711],[8.444,39.678],[8.459,39.667],[8.45,39.634],[8.452,39.623],[8.465,39.617],[8.471,39.602],[8.465,39.578],[8.455,39.564],[8.451,39.546],[8.435,39.523],[8.404,39.487],[8.387,39.476],[8.383,39.457],[8.393,39.447],[8.411,39.441],[8.411,39.418],[8.403,39.405],[8.386,39.394],[8.376,39.369],[8.386,39.366],[8.397,39.338],[8.416,39.336],[8.437,39.292],[8.425,39.27],[8.367,39.228],[8.372,39.21],[8.396,39.199],[8.407,39.159],[8.418,39.171],[8.437,39.156],[8.434,39.13],[8.443,39.117],[8.461,39.121],[8.472,39.112],[8.488,39.085],[8.465,39.058],[8.456,39.084],[8.432,39.096],[8.426,39.109],[8.409,39.102],[8.386,39.099],[8.373,39.112],[8.36,39.11],[8.351,39.097],[8.358,39.085],[8.35,39.076],[8.356,39.066],[8.36,39.038],[8.389,38.992],[8.403,38.962],[8.43,38.96],[8.445,38.97],[8.451,38.989],[8.453,39.025],[8.468,39.049],[8.466,39.057],[8.499,39.063],[8.527,39.059],[8.544,39.046],[8.565,39.045],[8.575,39.032],[8.575,39.017],[8.565,39],[8.589,38.964],[8.613,38.958],[8.624,38.938],[8.618,38.916],[8.607,38.906],[8.607,38.893],[8.621,38.89],[8.65,38.895],[8.682,38.909],[8.693,38.919],[8.715,38.925],[8.72,38.937],[8.762,38.917],[8.78,38.913],[8.781,38.903],[8.794,38.895],[8.82,38.895],[8.833,38.877],[8.855,38.879],[8.882,38.896],[8.903,38.905],[8.915,38.92],[8.938,38.935],[8.99,38.975],[8.996,38.985],[9.012,38.987],[9.024,39.004],[9.024,39.02],[9.041,39.042],[9.046,39.056],[9.016,39.087],[9.016,39.105],[9.009,39.121],[9.019,39.149],[9.038,39.172],[9.061,39.193],[9.096,39.214],[9.123,39.206],[9.146,39.184],[9.165,39.204],[9.192,39.221],[9.23,39.228],[9.247,39.216],[9.297,39.213],[9.339,39.194],[9.346,39.181],[9.371,39.174],[9.434,39.126],[9.484,39.136],[9.503,39.131],[9.519,39.113],[9.539,39.133],[9.564,39.142],[9.57,39.17],[9.578,39.184],[9.564,39.189],[9.57,39.239],[9.591,39.278],[9.628,39.306],[9.605,39.318],[9.597,39.346],[9.608,39.388],[9.631,39.433],[9.64,39.442],[9.646,39.461],[9.641,39.483],[9.633,39.497],[9.633,39.515],[9.639,39.54],[9.651,39.549],[9.656,39.57],[9.657,39.606],[9.647,39.652],[9.664,39.683],[9.659,39.692],[9.676,39.711],[9.675,39.752],[9.668,39.777],[9.674,39.809],[9.685,39.842],[9.697,39.853],[9.682,39.871],[9.683,39.906],[9.693,39.919],[9.716,39.928],[9.687,39.948],[9.687,39.984],[9.7,40.001],[9.705,40.034],[9.721,40.049],[9.727,40.07],[9.736,40.079],[9.729,40.091],[9.701,40.102],[9.661,40.139],[9.644,40.174],[9.634,40.18],[9.626,40.208],[9.623,40.245],[9.632,40.277],[9.654,40.301],[9.666,40.32],[9.682,40.337],[9.717,40.367],[9.742,40.381],[9.754,40.381],[9.773,40.407],[9.774,40.422],[9.793,40.443],[9.82,40.496],[9.827,40.527],[9.799,40.542],[9.788,40.573],[9.769,40.583],[9.752,40.601],[9.753,40.615],[9.743,40.626],[9.742,40.645],[9.75,40.656],[9.752,40.674],[9.746,40.687],[9.723,40.7],[9.715,40.71],[9.712,40.74],[9.715,40.753],[9.687,40.766],[9.672,40.783],[9.676,40.807],[9.692,40.811],[9.681,40.827],[9.689,40.837],[9.71,40.833],[9.716,40.842],[9.694,40.846],[9.685,40.86],[9.668,40.853],[9.652,40.861],[9.657,40.875],[9.616,40.89],[9.645,40.918],[9.614,40.92],[9.592,40.901],[9.577,40.904],[9.563,40.919],[9.546,40.919],[9.507,40.911],[9.502,40.927],[9.524,40.934],[9.539,40.926],[9.575,40.928],[9.568,40.943],[9.594,40.968],[9.583,40.976],[9.585,40.988],[9.611,41.003],[9.637,40.988],[9.653,40.984],[9.664,40.994],[9.621,41.006],[9.596,41.021],[9.577,41.003],[9.551,41.007],[9.563,41.025],[9.561,41.038],[9.527,41.029],[9.524,41.053],[9.53,41.074],[9.54,41.09],[9.552,41.079],[9.571,41.101],[9.567,41.116],[9.539,41.123],[9.546,41.131],[9.526,41.157],[9.515,41.156],[9.51,41.141],[9.486,41.146],[9.47,41.142],[9.472,41.126],[9.441,41.103],[9.442,41.131],[9.429,41.146],[9.422,41.167],[9.406,41.176],[9.371,41.183],[9.363,41.208],[9.338,41.205],[9.331,41.195],[9.31,41.191],[9.281,41.228],[9.26,41.242],[9.236,41.247],[9.225,41.259],[9.207,41.251],[9.181,41.248],[9.17,41.242],[9.144,41.247],[9.148,41.231],[9.167,41.229],[9.154,41.197],[9.168,41.168],[9.152,41.155],[9.119,41.152],[9.11,41.135],[9.086,41.128],[9.058,41.128],[9.042,41.137],[9.013,41.125],[8.991,41.104],[8.976,41.084],[8.929,41.044],[8.893,41.028],[8.88,41.029],[8.873,40.995],[8.837,40.957],[8.79,40.922],[8.768,40.916],[8.703,40.916],[8.67,40.897],[8.632,40.881],[8.625,40.865],[8.608,40.851],[8.572,40.835],[8.54,40.826],[8.486,40.82],[8.449,40.821],[8.414,40.839],[8.369,40.838],[8.316,40.844],[8.29,40.858],[8.249,40.892],[8.233,40.911],[8.236,40.917],[8.226,40.953],[8.198,40.969],[8.177,40.939],[8.191,40.924],[8.192,40.913],[8.219,40.9],[8.224,40.886],[8.218,40.868],[8.195,40.835],[8.195,40.828],[8.176,40.801],[8.16,40.791],[8.168,40.78],[8.166,40.766],[8.152,40.749],[8.135,40.738],[8.169,40.709],[8.175,40.695],[8.203,40.688],[8.204,40.68],[8.189,40.657],[8.187,40.639],[8.146,40.626],[8.151,40.579],[8.161,40.577],[8.181,40.598],[8.189,40.616],[8.21,40.615],[8.217,40.594],[8.198,40.571],[8.244,40.57],[8.246,40.581],[8.287,40.595],[8.307,40.586],[8.318,40.571],[8.313,40.56],[8.339,40.509],[8.368,40.496]]],[[[9.41,41.186],[9.422,41.194],[9.414,41.207],[9.398,41.198],[9.41,41.186]]],[[[9.471,41.246],[9.46,41.235],[9.445,41.203],[9.447,41.191],[9.465,41.189],[9.479,41.2],[9.482,41.236],[9.471,41.246]]],[[[9.344,41.251],[9.333,41.236],[9.346,41.229],[9.36,41.244],[9.344,41.251]]],[[[9.431,41.259],[9.378,41.235],[9.381,41.21],[9.401,41.21],[9.417,41.217],[9.437,41.214],[9.448,41.233],[9.438,41.235],[9.431,41.259]]],[[[9.734,40.923],[9.674,40.892],[9.693,40.888],[9.712,40.9],[9.743,40.912],[9.734,40.923]]],[[[8.325,41.106],[8.276,41.105],[8.272,41.1],[8.285,41.077],[8.267,41.073],[8.245,41.047],[8.224,41.043],[8.218,41.028],[8.229,41.023],[8.213,41.008],[8.209,40.99],[8.256,40.985],[8.264,41.003],[8.249,41.018],[8.251,41.033],[8.283,41.064],[8.322,41.056],[8.332,41.05],[8.341,41.071],[8.336,41.08],[8.35,41.088],[8.345,41.097],[8.325,41.106]]],[[[8.308,39.18],[8.272,39.18],[8.256,39.169],[8.231,39.164],[8.22,39.148],[8.25,39.133],[8.248,39.108],[8.281,39.096],[8.305,39.102],[8.31,39.113],[8.308,39.18]]]]},"properties":{"reg_name":"Sardegna"}}
]}